Tokens,Index
laptop,0
computer,1
screen,2
battery,3
keyboard,4
window,5
price,6
product,7
machine,8
the,9
life,10
processor,11
asus,12
of,13
drive,14
it,15
and,16
dell,17
acer,18
8,19
software,20
graphic,21
performance,22
display,23
ram,24
support,25
mouse,26
customer,27
touchscreen,28
mac,29
service,30
love,31
macbook,32
amazon,33
system,34
pad,35
great,36
to,37
hp,38
chromebook,39
port,40
memory,41
touch,42
purchase,43
game,44
touchpad,45
for,46
design,47
key,48
problem,49
hard,50
card,51
money,52
office,53
work,54
this,55
google,56
tablet,57
fast,58
speaker,59
lenovo,60
video,61
feature,62
10,63
driver,64
hardware,65
value,66
quality,67
device,68
in,69
time,70
good,71
shipping,72
o,73
slow,74
happy,75
speed,76
gaming,77
space,78
fan,79
size,80
up,81
program,82
trackpad,83
chrome,84
warranty,85
well,86
unit,87
fine,88
pro,89
everything,90
light,91
disk,92
back,93
on,94
color,95
boot,96
2,97
apple,98
new,99
pc,100
weight,101
toshiba,102
thing,103
hd,104
apps,105
a,106
better,107
issue,108
resolution,109
other,110
usb,111
button,112
tech,113
use,114
one,115
1,116
book,117
wireless,118
power,119
samsung,120
storage,121
perfect,122
microsoft,123
charge,124
i,125
my,126
with,127
picture,128
7,129
sound,130
easy,131
cd,132
or,133
worth,134
buy,135
recommend,136
dvd,137
4,138
update,139
vista,140
model,141
doc,142
sony,143
get,144
star,145
bloatware,146
web,147
internet,148
what,149
delivery,150
return,151
gb,152
charger,153
spec,154
track,155
ethernet,156
right,157
seller,158
monitor,159
down,160
brand,161
i7,162
ssd,163
audio,164
company,165
notebook,166
msi,167
piece,168
box,169
headphone,170
refurbished,171
complaint,172
item,173
click,174
netbook,175
optical,176
operating,177
more,178
like,179
mode,180
8.1,181
build,182
disappointed,183
application,184
run,185
black,186
wifi,187
cheap,188
level,189
thin,190
cpu,191
vga,192
experience,193
vaio,194
ultrabook,195
series,196
not,197
xp,198
app,199
version,200
word,201
day,202
review,203
printer,204
bios,205
replacement,206
lighter,207
wrong,208
fingerprint,209
browser,210
cooling,211
buck,212
top,213
board,214
lcd,215
explorer,216
packaging,217
adapter,218
all,219
extra,220
browsing,221
turn,222
profile,223
pleased,224
ok,225
sent,226
repair,227
setting,228
smooth,229
camera,230
upgrade,231
m,232
expectation,233
hinge,234
blue,235
finish,236
condition,237
crap,238
setup,239
mini,240
shipped,241
handle,242
editing,243
gesture,244
charging,245
function,246
technology,247
peripheral,248
movie,249
backup,250
task,251
than,252
functionality,253
looking,254
will,255
deal,256
high,257
music,258
doe,259
security,260
any,261
year,262
5,263
nice,264
feel,265
core,266
4k,267
hdmi,268
built,269
free,270
basic,271
class,272
needed,273
viewing,274
angle,275
connection,276
freeze,277
terrible,278
nicely,279
$200,280
nvidia,281
old,282
left,283
satisfied,284
recommended,285
capability,286
portability,287
manufacturer,288
shuts,289
mechanism,290
heat,291
external,292
hdd,293
case,294
component,295
exactly,296
cord,297
resource,298
backlit,299
i5,300
slim,301
insurance,302
osx,303
grill,304
website,305
choice,306
do,307
powerful,308
much,309
inspiron,310
some,311
impressed,312
text,313
fix,314
job,315
disc,316
out,317
15,318
processing,319
heavy,320
at,321
casing,322
full,323
two,324
8gb,325
open,326
worked,327
help,328
set,329
3,330
awesome,331
image,332
desktop,333
older,334
worst,335
enjoy,336
geforce,337
intel,338
cost,339
gateway,340
off,341
latitude,342
retina,343
smoothly,344
returned,345
package,346
sheet,347
960m,348
virtual,349
tooth,350
connectivity,351
computing,352
vendor,353
lenovo's,354
simplicity,355
go,356
that,357
have,358
paying,359
surface,360
something,361
portable,362
dual,363
switch,364
need,365
most,366
quad,367
excellent,368
macbooks,369
would,370
it's,371
la,372
no,373
just,374
be,375
photo,376
etc,377
another,378
bar,379
fixed,380
liked,381
affordable,382
router,383
option,384
smaller,385
shut,386
simple,387
input,388
waste,389
responsive,390
thinkpad,391
jack,392
overall,393
cool,394
cheaper,395
gpu,396
netflix,397
solid,398
point,399
stuff,400
arrived,401
wide,402
16,403
sd,404
technical,405
prefer,406
tutorial,407
detachable,408
300,409
lap,410
$2000,411
capacity,412
fps,413
degree,414
junk,415
document,416
win,417
local,418
ubuntu,419
dock,420
cloud,421
premium,422
wi-fi,423
matte,424
chromeos,425
architecture,426
error,427
14,428
cursor,429
networking,430
burner,431
wired,432
send,433
crak,434
wow,435
radeon,436
marker,437
$100,438
start-up,439
ativ,440
magsafe,441
limitation,442
sending,443
is,444
performs,445
lightweight,446
wa,447
small,448
inch,449
best,450
1525,451
faster,452
getting,453
only,454
few,455
webstorage,456
annoying,457
6,458
without,459
every,460
care,461
automatically,462
reading,463
iphone,464
meet,465
quick,466
flip,467
haswell,468
workstation,469
start,470
file,471
con,472
running,473
handy,474
lightness,475
ability,476
different,477
type,478
nothing,479
trouble,480
97,481
le,482
again,483
enough,484
ultra,485
multi,486
description,487
2.0,488
mic,489
pay,490
user,491
bare-bones,492
come,493
photoshop,494
iphoto,495
gigabyte,496
amount,497
play,498
compatible,499
sensitive,500
modern,501
heavier,502
bell,503
whistle,504
negative,505
$400,506
large,507
blotware,508
tampa-laptops,509
slot,510
else,511
9,512
dollar,513
part,514
generation,515
heating,516
touch-pad,517
nightmare,518
50,519
u,520
overheats,521
temperature,522
transformer,523
backlight,524
usb-c,525
quiet,526
beast,527
gta,528
crash,529
h1z1,530
player,531
style,532
bad,533
steal,534
ac,535
suite,536
epson,537
downloading,538
$779,539
$1000,540
gtx,541
1080p,542
ghz,543
center,544
i3,545
virus,546
universe,547
recovery,548
unusable,549
winxp,550
performing,551
desk,552
modem,553
burning,554
jr,555
beware,556
lapotp,557
number,558
call,559
dell's,560
construction,561
fell,562
apart,563
utility,564
matlab,565
wolfram,566
alpha,567
left4dead,568
nvidia's,569
plastic,570
body,571
samsung's,572
stable,573
hell,574
videocard,575
sleep,576
equipment,577
discribed,578
craputers,579
penny,580
password,581
mousepad,582
included,583
ilife,584
sharing,585
isight,586
ichat,587
worldwide,588
distributor,589
1gb,590
neon,591
np900x4c,592
e6400,593
4000,594
parallel,595
surprise,596
bootcamp,597
x,598
velocity,599
gig,600
offline,601
w8,602
beauty,603
faux,604
leather,605
stitching,606
but,607
made,608
based,609
find,610
bought,611
still,612
take,613
very,614
ha,615
make,616
had,617
look,618
panel,619
didn't,620
little,621
ln,622
expensive,623
yellow,624
greenish,625
ln's,626
transfer,627
last,628
expensively,629
daily,630
deliveredin,631
about,632
same,633
never,634
month,635
slowed,636
hot,637
playback,638
glad,639
too,640
big,641
came,642
can't,643
page,644
tv,645
hidden,646
email,647
built-in,648
hour,649
interface,650
normal,651
lot,652
paid,653
working,654
access,655
internal,656
highly,657
carry,658
loose,659
bluetooth,660
bonus,661
name,662
images-na.ssl-images-amazon.com,663
excel,664
suck,665
elegant,666
ordered,667
frustrating,668
met,669
we,670
side,671
cover,672
paperweight,673
functional,674
crystal,675
convenience,676
useless,677
store,678
leopard,679
alternate,680
server,681
expected,682
android,683
discrete,684
silver,685
dolby,686
random,687
stuttering,688
saving,689
inside,690
purchasing,691
reboot,692
grip,693
standard,694
rom,695
d620,696
$750,697
applecare,698
struggle,699
17,700
promise,701
policy,702
state,703
detail,704
flat,705
flaw,706
800,707
4th,708
quad-core,709
fifth,710
brightness,711
air,712
12,713
slower,714
usage,715
close,716
duration,717
process,718
motherboard,719
mb,720
30,721
60,722
sims,723
overwatch,724
celsius,725
favourite,726
rugged,727
restart,728
linux,729
cell,730
ton,731
turtle,732
mod,733
battleground,734
unknown,735
logo,736
edge,737
fallout,738
v,739
sensitivity,740
integrated,741
installation,742
cap,743
lock,744
tactile,745
feedback,746
skeptical,747
line,748
asking,749
64,750
individual,751
idealpad's,752
watch,753
6700hq,754
manager,755
vram,756
term,757
streaming,758
fahrenheit,759
overheating,760
~,761
inoperable,762
wi,763
fi,764
delay,765
account,766
data,767
world,768
x86,769
_,770
flash,771
frame,772
rate,773
webcam,774
flawlessly,775
firewire,776
late,777
clarity,778
loved,779
stylish,780
fried,781
hooking,782
hdtv,783
precio,784
immediately,785
returning,786
rock,787
roll,788
atom,789
handicap,790
network,791
overclock,792
2.53ghz,793
stuck,794
compliment,795
batt,796
priced,797
metal,798
uploading,799
screeen,800
rom-drive,801
frustration,802
entire,803
throw,804
chassis,805
difference,806
gpus,807
700m,808
shutdown,809
aspect,810
bluescreens,811
afraid,812
small.no,813
caveat,814
overclocking,815
t100tam,816
radius,817
intensive,818
aluminum,819
slowdown,820
bargain,821
amd,822
chipset,823
$350,824
windows10,825
form,826
legit,827
rubber,828
$1500,829
infected,830
communication,831
mba,832
criticism,833
timemachine,834
stack,835
optimizer,836
quadcore,837
$299,838
perfomance,839
material,840
mbp,841
diffrence,842
mess,843
management,844
highest-pick-your-favorite-techie-thing,845
vivid,846
limit,847
touching,848
3h,849
expresscache,850
minor,851
launch,852
pointer,853
ultrabase,854
custom,855
gun,856
battery-life,857
blu-ray,858
spacebar,859
c2d,860
cd's,861
backlighting,862
release,863
n-wireless,864
trick,865
$150,866
adaper,867
jdk,868
magnet,869
ssd's,870
surround,871
latching,872
chromecast,873
pass,874
saturation,875
inflight,876
versatility,877
swipe,878
anti-virus,879
$952,880
framerate,881
gt755m's,882
pre-update,883
899,884
protection,885
neutral,886
three-star,887
exhaust,888
doesn't,889
code,890
by,891
can,892
13,893
wanted,894
used,895
kind,896
actually,897
general,898
college,899
scaling,900
bigger,901
control,902
second,903
people,904
using,905
easily,906
stick,907
phone,908
least,909
disposable,910
flair,911
us,912
put,913
poorly-made,914
batty,915
six,916
trojan,917
horse,918
after,919
defragmenting,920
ad,921
taken,922
within,923
clean,924
three,925
twice,926
audio-visual,927
ebook,928
building,929
instead,930
been,931
long,932
first,933
even,934
surfing,935
brother,936
fax,937
scanner,938
displayed,939
clear,940
cautious,941
around,942
4710hq,943
output,944
site,945
xeon,946
latest,947
called,948
classic,949
shell,950
scroll,951
attached,952
there's,953
disable,954
however,955
hybrid,956
screw,957
upgraded,958
format,959
started,960
keep,961
allows,962
change,963
dropped,964
ill,965
effect,966
lightning,967
prossessing,968
spreadsheet,969
drawing,970
online,971
youe,972
disconnect,973
sculpt,974
multitasking,975
lit,976
lintel,977
factory,978
man,979
anything,980
id,981
video-block-rof3v205wcygk,982
a-section,983
a-spacing-small,984
a-spacing-top-mini,985
video-block,986
a14y3y1%,987
2bhes.mp4,988
video-url,989
61jgvpfrfgs.png,990
video-slate-img-url,991
nbsp,992
place,993
ridiculous,994
contact,995
bright,996
placed,997
hitch,998
way,999
ibm,1000
download,1001
hiccup,1002
tn,1003
typing,1004
3.0,1005
single,1006
micro,1007
such,1008
head,1009
previous,1010
stopped,1011
uninstall,1012
po,1013
hate,1014
sleek,1015
dirty,1016
taking,1017
going,1018
160,1019
try,1020
due,1021
business,1022
downside,1023
home,1024
outlook,1025
exchange,1026
hope,1027
wasting,1028
writing,1029
malware,1030
tap,1031
empty,1032
liking,1033
year-old,1034
research,1035
840m,1036
unfortunate,1037
happen,1038
baby,1039
found,1040
quickly,1041
t450s,1042
256g,1043
$900,1044
amazing,1045
insprion,1046
retail,1047
concerned,1048
over,1049
hold,1050
helpful,1051
question,1052
delivered,1053
miss,1054
2gb,1055
chip,1056
$15,1057
17in,1058
turning,1059
period,1060
diagnosed,1061
standpoint,1062
edit,1063
youtube,1064
lighting,1065
chunk,1066
restarting,1067
functioned,1068
gamers,1069
necessary,1070
added,1071
lack,1072
numerous,1073
opportunity,1074
initial,1075
magazine,1076
below,1077
delivers,1078
concave,1079
touch-tap,1080
pixel,1081
1920x1080,1082
crisp,1083
weak,1084
improve,1085
5th,1086
reduced,1087
fairly,1088
strong,1089
action,1090
tb,1091
minimum,1092
equal,1093
wear,1094
internals,1095
tap-click,1096
alternative,1097
dual-core,1098
factor,1099
benefit,1100
rating,1101
replaced,1102
decisionii,1103
greatest,1104
dedicated,1105
512,1106
40,1107
league,1108
legend,1109
fluent,1110
gripe,1111
dark,1112
definitly,1113
clock,1114
frequency,1115
auto,1116
friend,1117
reach,1118
100,1119
fit,1120
geographics,1121
owner,1122
accessory,1123
oomph,1124
firefox,1125
frustrated,1126
login,1127
prompt,1128
grub,1129
config,1130
travel,1131
elder,1132
laggy,1133
higher,1134
signal,1135
installing,1136
lspdfr,1137
en,1138
rubberized,1139
console,1140
beautifully,1141
unresponsive,1142
correct,1143
tool,1144
365,1145
serve,1146
shortcoming,1147
fully,1148
hub,1149
cable,1150
projector,1151
unfixed,1152
underlying,1153
grateful,1154
pin,1155
patch,1156
disappointing,1157
serial,1158
re-install,1159
information,1160
dog,1161
facebooking,1162
operates,1163
embarrassed,1164
response,1165
beat,1166
firewall,1167
restriction,1168
$140,1169
developing,1170
solidly,1171
32,1172
emmc,1173
netbooks,1174
rj,1175
45,1176
win10,1177
roughly,1178
360,1179
rendering,1180
2.6,1181
3.5,1182
thread,1183
extensive,1184
e.g,1185
7200,1186
rpm,1187
c,1188
ddr3,1189
15.6,1190
switching,1191
weighs,1192
lb,1193
170,1194
76.67,1195
warm,1196
200,1197
dragon,1198
mid-upper,1199
capture,1200
share,1201
sliver,1202
sturdy,1203
designed,1204
outstanding,1205
showed,1206
arm,1207
communicating,1208
restore,1209
reset,1210
write-protect,1211
jumper,1212
near,1213
transition,1214
push,1215
total,1216
kill,1217
re,1218
claimed,1219
broadcom,1220
accelerator,1221
damage,1222
p4,1223
1.6ghz,1224
win2000,1225
2.4ghz,1226
synthesizer,1227
3xusb,1228
802.11b,1229
svga,1230
ir,1231
2xpcmcia,1232
xbrite,1233
group,1234
copied,1235
orderd,1236
1200,1237
targa,1238
backpack,1239
.2,1240
ibook,1241
multiple,1242
burned,1243
mail,1244
busy,1245
breaking,1246
report,1247
waiting,1248
broken,1249
aggravation,1250
surf,1251
e,1252
continues,1253
attorney,1254
gt627,1255
218us,1256
e-mailed,1257
disposale,1258
rep,1259
hang,1260
opts,1261
idea,1262
presentation,1263
vent,1264
tough,1265
fun,1266
disabled,1267
canceled,1268
fulfilled,1269
early,1270
cancellation,1271
eee,1272
wonderfully,1273
warning,1274
optimus,1275
crashing,1276
killing,1277
offering,1278
net,1279
magic,1280
micrsoft,1281
similarly,1282
crashed,1283
hoping,1284
buena,1285
2013,1286
disappointment,1287
slowing,1288
20,1289
mind,1290
shaking,1291
them-self,1292
aaa,1293
creative,1294
clunky,1295
lowest,1296
gen,1297
batch,1298
variant,1299
fry's,1300
$1499,1301
compute,1302
opertions,1303
gt,1304
920m,1305
tab,1306
counter-strike,1307
g.o,1308
750,1309
cleaner,1310
ive,1311
jmp,1312
observation,1313
tear,1314
enjoying,1315
originpc,1316
recognized,1317
15z,1318
regular,1319
pack,1320
extended,1321
warranrty,1322
ipad,1323
expire,1324
shady,1325
pricey,1326
substandard,1327
production,1328
multi-purpose,1329
win8,1330
ruined,1331
pushed,1332
robbed,1333
refunded,1334
fly,1335
2.4,1336
sort,1337
drain,1338
batter,1339
drip,1340
itunes,1341
booth,1342
gmail,1343
capsule,1344
organizational,1345
explore,1346
foxfire,1347
disgusting,1348
matt,1349
keypad,1350
centre,1351
dissapointed,1352
specification,1353
malaysia,1354
recogniton,1355
ipad's,1356
lining,1357
freak,1358
learning,1359
curve,1360
op,1361
category,1362
u47a,1363
well-built,1364
distinguishing,1365
equipo,1366
responsables,1367
fundamental,1368
np700z5c,1369
chronos,1370
3635qm,1371
750gb,1372
express,1373
cache,1374
np700z5c-s01us,1375
1.2g,1376
darkened,1377
2days,1378
bugged,1379
f11,1380
leak,1381
physical,1382
condusiv,1383
advice,1384
stroke,1385
third-party,1386
256,1387
annoyance,1388
desire,1389
x230,1390
deep,1391
$3000,1392
x230t,1393
pleasant,1394
procedure,1395
antivirus,1396
partition,1397
non,1398
750m,1399
gfx,1400
swithch,1401
rmbp,1402
mabook,1403
steam,1404
dying,1405
floor,1406
yoshimite,1407
shorter,1408
egpus,1409
ferrari,1410
dv6226us,1411
excessive,1412
drab,1413
aethetics,1414
rt,1415
yoga,1416
comfortably,1417
rewarding,1418
devise,1419
boot-up,1420
panic,1421
swap,1422
fee,1423
g4,1424
pb's,1425
c2d's,1426
mbp's,1427
bound,1428
ati,1429
x1600,1430
n-capabilities,1431
consumption,1432
toyota,1433
lexus,1434
shipment,1435
downfall,1436
upset,1437
restocking,1438
vt,1439
portion,1440
object,1441
advertisement,1442
tag,1443
screamer,1444
unix,1445
log,1446
610,1447
w,1448
cinema,1449
panama,1450
irreparable,1451
promised,1452
editor,1453
sleeve,1454
addition,1455
bloatwear,1456
re-boot,1457
garbage,1458
simulated,1459
quibble,1460
novel,1461
converter,1462
reaching,1463
interact,1464
chomecast,1465
internet-heavy,1466
infection,1467
simplistic,1468
score,1469
bodhi,1470
slide,1471
importing,1472
reworking,1473
seamless,1474
appeal,1475
quietly,1476
microsoft's,1477
back-lit,1478
customizablility,1479
ultrabay,1480
hq,1481
imperfection,1482
pre-installed,1483
500,1484
bough,1485
goody,1486
offer,1487
holiday,1488
redeem,1489
say,1490
am,1491
surprised,1492
how,1493
.,1494
either,1495
reader,1496
got,1497
sister,1498
',1499
em,1500
both,1501
really,1502
i've,1503
ever,1504
replace,1505
from,1506
2008,1507
which,1508
chugging,1509
along,1510
forth,1511
constantly,1512
serious,1513
hook,1514
24,1515
funky,1516
so,1517
opted,1518
pentium,1519
far,1520
lost,1521
versus,1522
rival,1523
watching,1524
also,1525
fuzzy,1526
might,1527
want,1528
medium,1529
clearer,1530
deduct,1531
won't,1532
bother,1533
already,1534
",",1535
you,1536
rid,1537
remember,1538
who've,1539
preferable,1540
don't,1541
result,1542
always,1543
i'm,1544
geek,1545
them,1546
purely,1547
because,1548
since,1549
favorite,1550
guess,1551
purchased,1552
son,1553
christmas,1554
under,1555
tree,1556
honestly,1557
fact,1558
pure,1559
insanity,1560
$25,1561
$250,1562
see,1563
ask,1564
comment,1565
said,1566
fervor,1567
religious,1568
convert,1569
reverently,1570
i'll,1571
course,1572
(,1573
shudder,1574
),1575
gave,1576
husband,1577
former,1578
upon,1579
buying,1580
muttering,1581
forced,1582
workplace,1583
nut,1584
thought,1585
everyone,1586
bit,1587
dandy,1588
despite,1589
reformatting,1590
putting,1591
protect,1592
nauseum,1593
ended,1594
secure,1595
fussing,1596
once,1597
week,1598
that's,1599
prior,1600
store's,1601
genius,1602
overnight,1603
minute,1604
completely,1605
covered,1606
frequent,1607
perfectly,1608
whether,1609
almost,1610
did,1611
appreciate,1612
doubt,1613
yes,1614
become,1615
imagine,1616
lived,1617
having,1618
integral,1619
notice,1620
gone,1621
timing,1622
couldn't,1623
visit,1624
blog,1625
link,1626
given,1627
here,1628
phonetically,1629
url,1630
livingasseniors,1631
dot,1632
blogspot,1633
com,1634
friday's,1635
entry,1636
weekend,1637
entertainment,1638
recs,1639
film,1640
buried,1641
treasure,1642
gem,1643
published,1644
monday,1645
wednesday,1646
friday,1647
didnt,1648
loaded,1649
were,1650
wordl,1651
reliable,1652
connected,1653
obtained,1654
speedy,1655
!,1656
slightly,1657
impressive,1658
accurate,1659
especially,1660
vibrant,1661
exceptional,1662
seems,1663
flimsy,1664
otherwise,1665
wouldn't,1666
student,1667
unless,1668
confident,1669
capable,1670
remembering,1671
carrying,1672
able,1673
pretty,1674
decent,1675
spent,1676
if,1677
you're,1678
-,1679
hyperthreads,1680
real,1681
1tb,1682
plug,1683
harmon,1684
kardon,1685
8000,1686
cpumark,1687
quite,1688
e5440,1689
2.83ghz,1690
sure,1691
give,1692
25,1693
40%,1694
boost,1695
install,1696
menu,1697
multi-touch,1698
finger,1699
chromebooks,1700
sale,1701
open-box,1702
$585,1703
uefi,1704
create,1705
vhd,1706
add,1707
affecting,1708
main,1709
802.11ac,1710
connect,1711
1200mbps,1712
usb3,1713
are,1714
extremely,1715
when,1716
gotten,1717
an,1718
legacy,1719
reinstall,1720
5400rpm,1721
sluggish,1722
consider,1723
7200rpm,1724
bottom,1725
soldered,1726
though,1727
available,1728
bga,1729
lemon,1730
five,1731
then,1732
screwing,1733
professional,1734
remains,1735
now,1736
refuse,1737
except,1738
cutting,1739
sometimes,1740
closing,1741
reopening,1742
wasn't,1743
search,1744
locked,1745
default,1746
pair,1747
middleschooler,1748
homework,1749
half,1750
later,1751
phenomenal,1752
couple,1753
myself,1754
quizlet,1755
subject,1756
imanahible,1757
studying,1758
breeze,1759
compact,1760
reconmend,1761
availabe,1762
advised,1763
must,1764
think,1765
move,1766
maybe,1767
supposed,1768
im,1769
price-features,1770
often,1771
?,1772
giving,1773
answer,1774
thanks,1775
dario,1776
plenty,1777
alot,1778
future,1779
low,1780
end,1781
opened,1782
looked,1783
scratch,1784
horrible,1785
2015,1786
merely,1787
impossible,1788
view,1789
content,1790
cannot,1791
strategic,1792
glitch,1793
tried,1794
there,1795
reply,1796
acknowledgement,1797
wonderful,1798
fantastic,1799
readable,1800
via,1801
died,1802
contacted,1803
repaired,1804
daughter,1805
school,1806
basically,1807
cant,1808
yet,1809
playstore,1810
dont,1811
know,1812
allowed,1813
seem,1814
could,1815
major,1816
improvement,1817
poor,1818
directly,1819
front,1820
expect,1821
utter,1822
sh,1823
#,1824
flawless,1825
anyone,1826
who,1827
doesnt,1828
lose,1829
as,1830
outside,1831
campus,1832
thinner,1833
softer,1834
`,1835
gamer,1836
properly,1837
becomes,1838
attempting,1839
spectation,1840
child,1841
avid,1842
writer,1843
write,1844
road,1845
car,1846
sometime,1847
/,1848
mono,1849
hear,1850
respond,1851
honest,1852
we'll,1853
it'll,1854
personal,1855
expierence,1856
alien,1857
ware,1858
mx17,1859
denied,1860
they,1861
should,1862
begun,1863
reflective,1864
haven't,1865
may,1866
tech-person,1867
tell,1868
hardly,1869
actual,1870
plus,1871
shortcut,1872
frankly,1873
totally,1874
eat,1875
3mb,1876
yeah,1877
icloud,1878
ago,1879
randomly,1880
soo,1881
fooled,1882
certified,1883
grade,1884
trash,1885
shame,1886
selling,1887
defective,1888
faulty,1889
betamacs,1890
filthy,1891
$1200,1892
newer,1893
aperture,1894
maxed,1895
btw,1896
gma,1897
fresh,1898
snow,1899
maverick,1900
ease,1901
fair,1902
traveling,1903
everywhere,1904
chose,1905
gold,1906
champagne,1907
read,1908
showing,1909
satin,1910
surprisingly,1911
considering,1912
economical,1913
enterprise,1914
efficient,1915
nov,1916
dec,1917
partner,1918
probably,1919
evaluate,1920
differently,1921
many,1922
additional,1923
23,1924
27,1925
pdf,1926
2016,1927
e-mail,1928
beautiful,1929
present,1930
adequate,1931
satisfactory,1932
screwed,1933
pawn,1934
shop,1935
installed,1936
downloded,1937
seemed,1938
past,1939
staying,1940
print,1941
granddaughter,1942
her,1943
allow,1944
sibling,1945
borrow,1946
hassle,1947
double,1948
horsepower,1949
bang,1950
spanking,1951
excited,1952
released,1953
half-life,1954
cut,1955
laptop's,1956
let,1957
aforementioned,1958
skyrim,1959
bioshock,1960
infinite,1961
tomb,1962
raider,1963
mixture,1964
playable,1965
framerates,1966
where,1967
located,1968
paired,1969
theater,1970
niceities,1971
let's,1972
reason,1973
foremost,1974
abysmal,1975
describe,1976
textured,1977
thinking,1978
smudged-looking,1979
appearance,1980
various,1981
protective,1982
remove,1983
cleaning,1984
nope,1985
apparently,1986
distracting,1987
against,1988
white,1989
background,1990
lacking,1991
nonexistent,1992
matter,1993
tweaked,1994
reproduction,1995
me,1996
expecting,1997
final,1998
nail,1999
coffin,2000
experiencing,2001
rebooted,2002
inevitably,2003
limp,2004
across,2005
forever,2006
folder,2007
whatever,2008
grace,2009
happened,2010
refund,2011
unhappy,2012
logic,2013
learned,2014
equivalent,2015
tower,2016
through,2017
sell,2018
600,2019
rockin,2020
1000,2021
complete,2022
win8.1,2023
quit,2024
ordering,2025
client,2026
scientific,2027
instrument,2028
8g,2029
$1300,2030
unreal,2031
killer,2032
recipient,2033
$249,2034
plan,2035
investment,2036
s,2037
save,2038
60%,2039
+,2040
lasting,2041
lag,2042
fyi,2043
1gbpc2,2044
6400,2045
666mhz,2046
sodimm,2047
filled,2048
realistic,2049
muti,2050
tasking,2051
playing,2052
loving,2053
compared,2054
suggest,2055
wanting,2056
took,2057
several,2058
familiar,2059
true,2060
requirement,2061
overheat,2062
owned,2063
decided,2064
coworkers,2065
photography,2066
figured,2067
hr,2068
100%,2069
saw,2070
loading,2071
umbrella,2072
superb,2073
drop,2074
wife,2075
trendy,2076
understand,2077
hype,2078
wish,2079
until,2080
suddenly,2081
longer,2082
combination,2083
plugged,2084
previously,2085
solution,2086
resolve,2087
before,2088
posting,2089
their,2090
eligible,2091
resolved,2092
mistake,2093
saved,2094
he,2095
&,2096
worried,2097
break,2098
told,2099
conflict,2100
seamlessly,2101
advertised,2102
concern,2103
limited,2104
our,2105
she,2106
remedied,2107
direction,2108
test,2109
mixed,2110
feeling,2111
definitely,2112
earlier,2113
offered,2114
dream,2115
huge,2116
ran,2117
foot,2118
planted,2119
earth,2120
afford,2121
nor,2122
missing,2123
live,2124
next,2125
four,2126
what's,2127
important,2128
reliability,2129
area,2130
summary,2131
trade-off,2132
coding,2133
fall,2134
short,2135
potential,2136
breaker,2137
biggest,2138
done,2139
hit,2140
accident,2141
somewhere,2142
particularly,2143
field,2144
accidentally,2145
losing,2146
you've,2147
entered,2148
durability,2149
traditional,2150
separate,2151
mac-like,2152
scrolling,2153
sizing,2154
useful,2155
exist,2156
resisted,2157
off-the-shelf,2158
awful,2159
particular,2160
tall,2161
spoiling,2162
mostly,2163
dead,2164
relatively,2165
benefited,2166
being,2167
larger,2168
recently,2169
significant,2170
fourth,2171
experimenting,2172
throttling,2173
rarely,2174
generate,2175
away,2176
outlet,2177
note,2178
practically,2179
silent,2180
i'd,2181
opt,2182
mentioned,2183
above,2184
aren't,2185
today,2186
packed,2187
appropriately,2188
shouldn't,2189
bottleneck,2190
served,2191
implication,2192
trying,2193
record,2194
channel,2195
high-quality,2196
your,2197
band,2198
typical,2199
hampered,2200
workstation-class,2201
received,2202
inspire,2203
confidence,2204
generates,2205
worry,2206
largest,2207
source,2208
dy,2209
roast,2210
wait,2211
generation-based,2212
ignored,2213
whole,2214
shortly,2215
unavoidable,2216
decision,2217
making,2218
neither,2219
pain,2220
relative,2221
recent,2222
personally,2223
overseas,2224
occasionally,2225
range,2226
isn't,2227
smartphone,2228
forgivable,2229
ahead,2230
waited,2231
stabilize,2232
:,2233
mobile,2234
beyond,2235
figuring,2236
dealing,2237
supply,2238
instruction,2239
molasses,2240
"""",2241
everyday,2242
advertise,2243
selection,2244
rig,2245
casual,2246
list,2247
tested,2248
upped,2249
portal,2250
teamfortress2,2251
garry'smod,2252
fluently,2253
anti,2254
aliasing,2255
turned,2256
1600x900,2257
counter,2258
strike,2259
global,2260
offensive,2261
warframe,2262
1368x768,2263
minecraft,2264
although,2265
render,2266
distance,2267
avoid,2268
studdering,2269
terrarium,2270
highest,2271
80,2272
played,2273
muddle,2274
gloomy,2275
saturated,2276
b,2277
pic,2278
deleting,2279
mean,2280
unsure,2281
guessing,2282
starcraft,2283
mmo,2284
super,2285
explanation,2286
simply,2287
mfgs,2288
tend,2289
iffy,2290
proposition,2291
separately,2292
order,2293
managed,2294
ceo,2295
mailed,2296
obviously,2297
willing,2298
mile,2299
success,2300
honor,2301
fail,2302
sorry,2303
hint,2304
indicates,2305
charged,2306
original,2307
unfortunately,2308
substitute,2309
90%,2310
crawl,2311
broke,2312
loses,2313
swear,2314
50%,2315
discharged,2316
experienced,2317
conclusion,2318
truly,2319
elsewhere,2320
figure,2321
eats,2322
sub,2323
overly,2324
touchy,2325
drag,2326
n,2327
select,2328
customize,2329
barely,2330
useable,2331
excuse,2332
budget,2333
according,2334
title,2335
knew,2336
tends,2337
therefore,2338
gap,2339
between,2340
each,2341
mushy,2342
mine,2343
active,2344
directory,2345
credential,2346
enter,2347
vpn,2348
remote,2349
terminal,2350
previoiusly,2351
thus,2352
bypassing,2353
together,2354
usable,2355
described,2356
amazon.com,2357
address,2358
thunderbolt,2359
obsolete,2360
resulted,2361
sleeker,2362
splendidly,2363
poorly,2364
none,2365
two-finger,2366
changing,2367
requires,2368
crapton,2369
command,2370
realize,2371
provide,2372
out-of-the-box,2373
regardless,2374
blame,2375
soon,2376
these,2377
compatibility,2378
red,2379
flag,2380
lousy,2381
sad,2382
tragic,2383
tl,2384
;,2385
dr,2386
linux-compatibility,2387
non-tech,2388
savy,2389
mother,2390
depending,2391
rather,2392
ultra-high,2393
max,2394
example,2395
loud,2396
webpage,2397
tremendously,2398
oh,2399
mention,2400
cause,2401
everytime,2402
sooo,2403
blood,2404
expectatios,2405
blown,2406
telling,2407
$259,2408
comparable,2409
strange,2410
schoolwork,2411
browse,2412
his,2413
brocessing,2414
fastest,2415
thank,2416
failed,2417
stand,2418
behind,2419
wal-mart,2420
arrives,2421
jump,2422
maximizes,2423
minimizes,2424
recognize,2425
position,2426
pull,2427
finally,2428
adjust,2429
closed,2430
flush,2431
boneheaded,2432
likely,2433
powered,2434
assortment,2435
neoprene,2436
pocket,2437
notepad,2438
nuff,2439
november,2440
midway,2441
january,2442
min,2443
eventually,2444
saying,2445
cracked,2446
starting,2447
pressed,2448
crack,2449
possibility,2450
damaged,2451
transit,2452
protecting,2453
bubble,2454
wrap,2455
adding,2456
fragile,2457
designation,2458
prove,2459
anyway,2460
self,2461
hasn't,2462
die,2463
others,2464
gorgeous,2465
heart,2466
reality,2467
misalign,2468
detected,2469
adjusting,2470
aligned,2471
recline,2472
forward,2473
backwards,2474
provides,2475
uncomfortable,2476
edition,2477
bsods,2478
mainly,2479
pertaining,2480
anniversary,2481
oops,2482
nicer,2483
label,2484
ripped,2485
certain,2486
into,2487
ie,2488
unable,2489
documentation,2490
guide,2491
explains,2492
attest,2493
dad,2494
family,2495
$600,2496
dim,2497
include,2498
annoyed,2499
someone,2500
clown,2501
wished,2502
gift,2503
preteen,2504
grandson,2505
moon,2506
nextbook,2507
seen,2508
trust,2509
corporate,2510
inexpensive,2511
auditor,2512
location,2513
check,2514
bill,2515
shopping,2516
usual,2517
adjustment,2518
accustom,2519
lately,2520
discovered,2521
run-of-the-mill,2522
scan,2523
house,2524
zillow,2525
stall,2526
refresh,2527
circle,2528
spinning,2529
unusual,2530
full-fledged,2531
while,2532
day-to-day,2533
essential,2534
128,2535
opinion,2536
answered,2537
reached,2538
phyically,2539
tiny,2540
compare,2541
1010,2542
75%,2543
difficult,2544
stay,2545
herself,2546
young,2547
teenager,2548
paper,2549
hulu,2550
believe,2551
detailed,2552
firstly,2553
multitasker,2554
similar,2555
please,2556
perform,2557
date,2558
sitting,2559
reportedly,2560
horrendous,2561
msi's,2562
www.msi.com,2563
gl62,2564
6qf.html,2565
down-driver,2566
creation,2567
|,2568
current,2569
3d,2570
twitch,2571
turbo,2572
usually,2573
3.1,2574
mid-level,2575
lucky,2576
somewhat,2577
doable,2578
rgb,2579
knowledge,2580
solid-state,2581
wicked,2582
load,2583
storing,2584
confused,2585
ddr4,2586
1920x1080p,2587
ip,2588
in-plane,2589
5.3,2590
ready,2591
idle,2592
insert,2593
g,2594
certainly,2595
3200,2596
3300,2597
noticeable,2598
ear,2599
vega,2600
went,2601
prevent,2602
generally,2603
38,2604
39,2605
norton,2606
trial,2607
defender,2608
stats,2609
%,2610
arise,2611
all-around,2612
frequently,2613
hopefully,2614
unregisterable,2615
troubleshooting,2616
ship,2617
understanding,2618
own,2619
pavilion,2620
horizontally,2621
calling,2622
clearly,2623
accessing,2624
easier,2625
greater,2626
pc's,2627
you'll,2628
1080,2629
smart,2630
simpler,2631
sufficient,2632
suggestion,2633
coming,2634
handed,2635
wire,2636
prime,2637
selected,2638
specifically,2639
develop,2640
platform,2641
cumbersome,2642
in-house,2643
on-the-go,2644
development,2645
absolutely,2646
delightful,2647
wiped,2648
arch,2649
felt,2650
well-polished,2651
user-friendly,2652
unique,2653
specific,2654
related,2655
they're,2656
intended,2657
apply,2658
intending,2659
wipe,2660
talking,2661
disregard,2662
logged,2663
sat,2664
syncing,2665
preference,2666
ultimately,2667
restarted,2668
informed,2669
enabling,2670
developer,2671
greeted,2672
informing,2673
corrupt,2674
proceed,2675
okay,2676
locate,2677
proper,2678
acting,2679
removed,2680
successfully,2681
flashing,2682
closest,2683
doing,2684
unsupported,2685
john,2686
lewis's,2687
seabios,2688
resulting,2689
compiling,2690
kernel,2691
aware,2692
thin-client,2693
remoting,2694
screw-around,2695
brilliant,2696
transferred,2697
upload,2698
canon,2699
bro,2700
18,2701
downloaded,2702
became,2703
virtually,2704
trusted,2705
downloads,2706
de-bug,2707
appears,2708
reformat,2709
goto,2710
notebookreview,2711
info,2712
chiclet,2713
esata,2714
vmware,2715
quicker,2716
duo,2717
h,2718
retailer,2719
interested,2720
sorted,2721
settled,2722
stop,2723
responding,2724
skip,2725
message,2726
pop,2727
memomery,2728
chance,2729
mere,2730
reasonable,2731
show,2732
state-of-art,2733
provided,2734
tft,2735
purpose,2736
fasionable,2737
attractive,2738
younth,2739
knowing,2740
*,2741
pissed,2742
bed,2743
nerve,2744
agree,2745
spending,2746
horribly,2747
inadequate,2748
communicate,2749
configured,2750
thesis,2751
math,2752
modeling,2753
crunching,2754
substantially,2755
hitting,2756
market,2757
midi,2758
choke,2759
sample,2760
meaning,2761
512mb,2762
steinberg's,2763
grand,2764
real-time,2765
latency,2766
non-asio,2767
pcmcia,2768
bus,2769
performer,2770
shoved,2771
throat,2772
reviewer,2773
bewcasue,2774
recived,2775
military,2776
deployment,2777
iraq,2778
followed,2779
becasue,2780
route,2781
continue,2782
untill,2783
whcich,2784
wasteing,2785
lug,2786
spot,2787
town,2788
appreciated,2789
bulky,2790
spotted,2791
combo,2792
burn,2793
attach,2794
pie,2795
tiger,2796
pleasure,2797
switched,2798
rebate,2799
spacing,2800
comfortable,2801
fabulous,2802
popular,2803
ultra-light,2804
sharp,2805
deficiency,2806
bare,2807
sit,2808
yoir,2809
knee,2810
thrilled,2811
ultra-portable,2812
toshibas,2813
encountered,2814
destructive,2815
unacceptable,2816
assigned,2817
whose,2818
voice,2819
insult,2820
countless,2821
conflicting,2822
uninformed,2823
intelligible,2824
techie,2825
masochistic,2826
tendency,2827
serviced,2828
massive,2829
static,2830
shock,2831
microfiber,2832
couch,2833
stability,2834
solves,2835
posted,2836
sold,2837
reputation,2838
private,2839
flicker,2840
written,2841
irvine,2842
california,2843
headquarters,2844
ed,2845
philadelphia,2846
el,2847
excelente,2848
aunque,2849
su,2850
un,2851
poco,2852
elevado,2853
respecto,2854
al,2855
costo,2856
que,2857
mismo,2858
tiene,2859
vendido,2860
por,2861
propia,2862
lamentablemente,2863
permite,2864
comprar,2865
equipos,2866
tarjetas,2867
de,2868
credito,2869
internacionales,2870
pagina,2871
yup,2872
top-of-the-line,2873
noticed,2874
kind-a,2875
float,2876
non-brand,2877
dissappointed,2878
appear,2879
constructed,2880
like-new,2881
originally,2882
roomy,2883
lithium-ion,2884
nicad,2885
shelf,2886
all-time,2887
battlefield,2888
1942,2889
unbeatable,2890
cmpares,2891
gonna,2892
closer,2893
acceptable,2894
outweighs,2895
literally,2896
cute,2897
99%,2898
unplugging,2899
constant,2900
vertical,2901
thick,2902
uniform,2903
anywhere,2904
90,2905
100th,2906
blank,2907
chatting,2908
199,2909
$,2910
bolonga,2911
demanded,2912
landfill,2913
somwhere,2914
crappy,2915
failing,2916
anywho,2917
sanity,2918
drawback,2919
foolish,2920
we're,2921
lid,2922
latch,2923
worse,2924
checking,2925
nobody,2926
tube,2927
kick,2928
yesterday,2929
wating,2930
se,2931
till,2932
9th,2933
idk,2934
australia,2935
april,2936
aussie,2937
mw1,2938
mw2,2939
coped,2940
albeit,2941
bothered,2942
crysis,2943
acquire,2944
door,2945
ca,2946
$940aud,2947
priceusa,2948
mackam,2949
logical,2950
$70aud,2951
hungry,2952
powerpoint,2953
refurbed,2954
possible,2955
leave,2956
escape,2957
pillow,2958
refurb,2959
churn,2960
scary,2961
anyhow,2962
american,2963
chocolate,2964
ensuing,2965
gag,2966
reflex,2967
salute,2968
spend,2969
20%,2970
law,2971
diminshing,2972
mmmmm,2973
landed,2974
passed,2975
meantime,2976
purchaser,2977
status,2978
25th,2979
2010,2980
2g,2981
independent,2982
light-weight,2983
devoted,2984
tempted,2985
caused,2986
asus's,2987
lecture,2988
happens,2989
seven,2990
eight,2991
angry,2992
reproduce,2993
repairing,2994
proving,2995
developed,2996
average,2997
powering,2998
vast,2999
majority,3000
silly,3001
1.2,3002
pose,3003
science,3004
maintain,3005
impatient,3006
occasion,3007
navigate,3008
occur,3009
happier,3010
4hr,3011
quantity,3012
opposed,3013
match,3014
televison,3015
tech-y,3016
person,3017
plugging,3018
kept,3019
efficiently,3020
durable,3021
pick,3022
needing,3023
study,3024
essay,3025
whatsoever,3026
webroot,3027
library,3028
equally,3029
thru,3030
deciding,3031
disappeared,3032
requiring,3033
eliminates,3034
repeated,3035
death,3036
rationale,3037
unstable,3038
elminates,3039
overriding,3040
get-go,3041
underwhelming,3042
realized,3043
shockwave,3044
plugin,3045
regularly,3046
per,3047
operation,3048
alone,3049
headache,3050
fat,3051
high-def,3052
fue,3053
lo,3054
ma,3055
impresiono,3056
gusto,3057
para,3058
hombre,3059
serio,3060
ejecutivo,3061
esto,3062
da,3063
decir,3064
pesar,3065
todo,3066
los,3067
componentes,3068
muy,3069
hasta,3070
juegos,3071
corre,3072
bien,3073
como,3074
dugeon,3075
siege,3076
iii,3077
recomiendo,3078
removing,3079
unnecessary,3080
irritating,3081
trough,3082
wont,3083
nonexistant,3084
wrote,3085
stupid,3086
deserves,3087
besides,3088
operate,3089
fancy,3090
maneuver,3091
deadline,3092
terribly,3093
cheated,3094
fault,3095
consuming,3096
whenever,3097
additionally,3098
prob,3099
newegg,3100
visible,3101
cleaned,3102
dimension,3103
encounter,3104
risen,3105
rest,3106
daughter's,3107
unexpectedly,3108
cat,3109
knocked,3110
glass,3111
water,3112
represented,3113
updated,3114
malfunctioned,3115
haywire,3116
refused,3117
currently,3118
disappear,3119
pop-up,3120
leaving,3121
crazy,3122
bezerk,3123
tapping,3124
third,3125
pas,3126
googled,3127
recycle,3128
nil,3129
4am,3130
replaceable,3131
father,3132
2012,3133
stated,3134
workhorse,3135
stunted,3136
shift,3137
darn,3138
settle,3139
hello,3140
regard,3141
carlos,3142
jos,3143
yegres,3144
survive,3145
coffee,3146
backed,3147
follow,3148
indesign,3149
illustrator,3150
snappier,3151
vizio,3152
43,3153
lift,3154
wake,3155
hotkeys,3156
sleeping,3157
hot-pluggable,3158
hot-plugging,3159
hence,3160
highlight,3161
expert,3162
claiming,3163
hand,3164
son's,3165
him,3166
interim,3167
thins,3168
attachment,3169
misrepresentation,3170
act,3171
secondary,3172
boundary,3173
recovering,3174
g50,3175
cod,3176
ops,3177
60fps,3178
dropping,3179
mid,3180
preset,3181
wall,3182
atrocious,3183
advantage,3184
7th,3185
csgo,3186
percent,3187
balanced,3188
personly,3189
802.11,3190
2.44,3191
bottle,3192
neck,3193
d-sub,3194
correctly,3195
2usb,3196
envy,3197
completed,3198
functioning,3199
decide,3200
indicated,3201
2014,3202
manufactured,3203
those,3204
peculiar,3205
june,3206
extending,3207
xxxx,3208
march,3209
needle,3210
discover,3211
appreciative,3212
immediate,3213
dependent,3214
consumer,3215
newly,3216
16gb,3217
4gb,3218
2tb,3219
subpar,3220
noisy,3221
significantly,3222
simultaneously,3223
advanced,3224
warfare,3225
medium-high,3226
1980x1080,3227
stream,3228
non-hardcore,3229
replacing,3230
64g,3231
bog,3232
inconvenient,3233
incorporates,3234
recharge,3235
night,3236
quits,3237
activate,3238
restarts,3239
dull,3240
recieved,3241
promptly,3242
october,3243
crapped,3244
abuse,3245
positively,3246
would've,3247
sticky,3248
unprecise,3249
hundred,3250
repackaged,3251
registered,3252
copy,3253
paste,3254
ball,3255
department,3256
accomplished,3257
noise,3258
luck,3259
living,3260
situation,3261
resident,3262
evaluating,3263
relation,3264
evaluation,3265
cx61,3266
visually,3267
appealing,3268
deterioratiion,3269
i.e,3270
staingate,3271
dual-screen,3272
finding,3273
approximately,3274
pound,3275
hindrance,3276
section,3277
intricate,3278
statistical,3279
analysis,3280
unplugged,3281
estimate,3282
bent,3283
blade,3284
wobbling,3285
$500,3286
exception,3287
rip,3288
hoped,3289
fails,3290
including,3291
minimal,3292
configuration,3293
itl,3294
birthday,3295
versatile,3296
965,3297
7600,3298
5k,3299
affinity,3300
towards,3301
astonishment,3302
unexpectantly,3303
incident,3304
smile,3305
excitement,3306
face,3307
definite,3308
solving,3309
bend,3310
toward,3311
middle,3312
pressing,3313
bending,3314
rubbing,3315
e-machines,3316
picked,3317
equated,3318
budget-build,3319
biggie,3320
moment,3321
stutter,3322
exit,3323
yt,3324
screening,3325
watched,3326
checked,3327
wise,3328
installs,3329
ten,3330
hog,3331
3.17.2016,3332
nearing,3333
choppy,3334
inconvenience,3335
contract,3336
initially,3337
shall,3338
taste,3339
stress,3340
12.12.2017,3341
owning,3342
retiring,3343
corrupted,3344
thirdly,3345
fluke,3346
ideosynchrosies,3347
traded,3348
dv6,3349
5000,3350
shape,3351
common,3352
forgetting,3353
aside,3354
they'll,3355
courteous,3356
talk,3357
language,3358
barrier,3359
valuable,3360
asset,3361
macro,3362
professor,3363
demonstrate,3364
tho,3365
september,3366
story,3367
post,3368
kinda,3369
expedient,3370
mysteriously,3371
july,3372
ransom,3373
tied,3374
treat,3375
lesson,3376
warn,3377
began,3378
scathing,3379
giant,3380
newest,3381
purple,3382
disappearing,3383
sporadically,3384
hanging,3385
reformatted,3386
reinstalled,3387
withstand,3388
decreased,3389
completing,3390
dirt-like,3391
substance,3392
hair,3393
prone,3394
obvously,3395
hunt,3396
reliably,3397
awkward,3398
layout,3399
jammed,3400
lasted,3401
restored,3402
popping,3403
acknowledged,3404
reciept,3405
yr,3406
graduation,3407
indicator,3408
morning,3409
buyer,3410
manipulated,3411
fake,3412
barrel,3413
peck,3414
method,3415
somehow,3416
apparent,3417
rocking,3418
seahawks,3419
green,3420
hawk,3421
pace,3422
division,3423
redemption,3424
expired,3425
helped,3426
chat,3427
begin,3428
packaged,3429
noted,3430
opening,3431
11,3432
required,3433
expandable,3434
basis,3435
sunk,3436
cool-but,3437
expense,3438
1.5,3439
$300,3440
involved,3441
kid,3442
choose,3443
bring,3444
expedite,3445
beginner,3446
regret,3447
400,3448
horror,3449
johnny,3450
53%,3451
nearly,3452
prop,3453
anticipate,3454
programming,3455
lunch,3456
jumped,3457
91%,3458
acquainted,3459
sweet,3460
amazingly,3461
copying,3462
exploring,3463
660r,3464
exact,3465
deployed,3466
planet,3467
spare,3468
useles,3469
effective,3470
banned,3471
suspect,3472
reputable,3473
xbox,3474
ps3,3475
11.6,3476
master's,3477
we've,3478
2000,3479
1995,3480
2007,3481
imac,3482
stunning,3483
dang,3484
lightening,3485
long-time,3486
adopter,3487
guy,3488
grab,3489
bandwagon,3490
fierce,3491
agonizingly,3492
decade,3493
appointment,3494
powerbook,3495
1400c,3496
powerpc,3497
screeching,3498
halt,3499
dongle,3500
mark-up,3501
enjoys,3502
crime,3503
tinyto,3504
bump,3505
dummy,3506
jim,3507
heid's,3508
x4,3509
mo,3510
hardcore,3511
bringing,3512
includes,3513
data-hook,3514
product-link-linked,3515
a-link-normal,3516
href,3517
apple-mac-pro-mc560ll-a-desktop-newest-version,3518
dp,3519
b003zr4m6i,3520
ref,3521
cm_cr_arp_d_rvw_txt,3522
=,3523
utf8,3524
>,3525
mc560ll,3526
<,3527
apple-usb-ethernet-adapter-zml,3528
b00486070k,3529
zml,3530
apple-macbook-air-superdrive-mc684zm-a,3531
b0048606ug,3532
superdrive,3533
mc684zm,3534
seeing,3535
syncs,3536
wirelessly,3537
touched,3538
recover,3539
positioned,3540
wild,3541
suggests,3542
spin,3543
novice,3544
age,3545
empire,3546
war,3547
warcraft,3548
difficulty,3549
shopper,3550
tracking,3551
transaction,3552
outfit,3553
aspire,3554
n270,3555
longs,3556
conector,3557
multitouch,3558
palm,3559
brush,3560
session,3561
assumed,3562
meant,3563
creating,3564
created,3565
generic,3566
shooter,3567
yay,3568
abnormal,3569
diagnostic,3570
inefficient,3571
#1,3572
technician,3573
swore,3574
temp,3575
coretemp,3576
68,3577
sensation,3578
lay,3579
metalic,3580
acknowledge,3581
fed,3582
parting,3583
perhaps,3584
icore3,3585
fraction,3586
ultrabook's,3587
cooler,3588
seriously,3589
zero,3590
tracked,3591
forget,3592
arduous,3593
painful,3594
vaip,3595
sony's,3596
birght,3597
enought,3598
desktop's,3599
confortable,3600
recomended,3601
portege,3602
r835,3603
p94,3604
wonder,3605
snap,3606
tennis,3607
encountering,3608
lagging,3609
inspection,3610
deter,3611
anyways,3612
spoke,3613
representative,3614
upgradable,3615
bulk,3616
sdram,3617
unlike,3618
sierra,3619
cosmetic,3620
hardrive,3621
masterpiece,3622
admitted,3623
macplus,3624
wince,3625
revel,3626
sticker,3627
retreat,3628
heaven,3629
join,3630
fixture,3631
era,3632
320gb,3633
target,3634
exchanged,3635
500gb,3636
5750z,3637
4835,3638
suffered,3639
extreme,3640
alienware,3641
thrown,3642
juice,3643
moving,3644
ymmv,3645
press,3646
typist,3647
forum,3648
deliberation,3649
boast,3650
bitch,3651
granted,3652
rough,3653
snazzy,3654
uninstalling,3655
struggling,3656
clicking,3657
este,3658
vendedor,3659
llego,3660
perfecto,3661
estado,3662
venezuela,3663
empacado,3664
mucho,3665
cuidado,3666
gracias,3667
tint,3668
instant,3669
ditto,3670
thursday,3671
d-e-a-d,3672
luddite,3673
fundamentally,3674
prettiest,3675
interesting,3676
balance,3677
samsung-series,3678
inch-laptop-silver,3679
b0083s3oww,3680
samsung-ativ-book,3681
inch-full-hd-touchscreen-laptop-mineral-ash-black,3682
b00b588j6s,3683
mineral,3684
ash,3685
greasy,3686
leaking,3687
measuring,3688
1.2ghz,3689
2.5,3690
3.2,3691
declared,3692
7h,3693
macbookpro,3694
drained,3695
900x1600pix,3696
antiglare,3697
grease,3698
bag,3699
unreliable,3700
reacts,3701
clothes,3702
accumulates,3703
allocation,3704
5g,3705
allocated,3706
30gb,3707
commit,3708
exiting,3709
behavior,3710
0.94,3711
producing,3712
referring,3713
pushing,3714
refusing,3715
knowledgeable,3716
overfull,3717
popup,3718
laborious,3719
nevertheless,3720
undertaken,3721
delicately,3722
puppy,3723
cold-boots,3724
heel,3725
shovelware,3726
manufacturer's,3727
wlan,3728
snug,3729
attempt,3730
testing,3731
primarrily,3732
changed,3733
moderate,3734
skype,3735
well-known,3736
custom-ordered,3737
2.90,3738
ivy,3739
bridge,3740
gm,3741
1366x768,3742
stylus,3743
bulge,3744
ultra-base,3745
rw,3746
600e,3747
1990s,3748
r40,3749
2000s,3750
t42,3751
t420,3752
rock-solid,3753
dependability,3754
non-nonsense,3755
styling,3756
king-of-them-all,3757
mistakely,3758
hated,3759
fear,3760
motion,3761
blend,3762
pleasing,3763
resistance,3764
contoured,3765
comforable,3766
winner,3767
prospective,3768
gill,3769
3g,3770
cellular,3771
totalled,3772
msrp,3773
occasional,3774
engineering,3775
inegrated,3776
displayport,3777
tip,3778
step,3779
a55a-ab31,3780
bu,3781
male,3782
converted,3783
proprietary,3784
harddrive,3785
longtime,3786
faced,3787
plunge,3788
hearing,3789
raved,3790
ensure,3791
critical,3792
incredibly,3793
tedious,3794
mind-blowing,3795
sync,3796
bookmark,3797
deliberately,3798
avoided,3799
annoyingly,3800
affect,3801
environment,3802
listening,3803
reboots,3804
finder,3805
picasa,3806
native,3807
quickbooks,3808
groan,3809
colleague,3810
20th,3811
funny,3812
unequivocally,3813
mem,3814
safari,3815
misc,3816
normally,3817
restricting,3818
128g,3819
supplement,3820
laziness,3821
bothering,3822
archive,3823
90g,3824
audiobook,3825
anytime,3826
lower,3827
imo,3828
why,3829
sooner,3830
god,3831
speads,3832
730mbs,3833
writes,3834
725mbs,3835
slouch,3836
capitain,3837
iso,3838
l,3839
batman,3840
arkham,3841
city,3842
dirt,3843
borderland,3844
avalible,3845
anmd,3846
zombie,3847
combined,3848
hover,3849
whilst,3850
rebadged,3851
supossedly,3852
failers,3853
suppose,3854
gamble,3855
nividias,3856
force,3857
egpu,3858
thunder,3859
bolt,3860
thhe,3861
yugo,3862
steep,3863
adapting,3864
salt,3865
marvelous,3866
rare,3867
conversation,3868
outdated,3869
geared,3870
qaulity,3871
necessity,3872
sadly,3873
toga,3874
cuffed,3875
shackled,3876
ultralow,3877
whine,3878
forgot,3879
i'am,3880
mediocre,3881
warehouse,3882
claim,3883
amateur,3884
vpcf117fx,3885
room,3886
excess,3887
swapped,3888
sandisk,3889
240,3890
prying,3891
payoff,3892
reinstalling,3893
lying,3894
re-enter,3895
license,3896
contained,3897
non-wireless,3898
ther,3899
themselves,3900
weakness,3901
entirely,3902
valid,3903
recommendation,3904
primarily,3905
non-work,3906
emphasize,3907
high-res,3908
arguably,3909
damn,3910
drive's,3911
booted,3912
40gb,3913
hiberfil.sys,3914
pagefil.sys,3915
hibernation,3916
reducing,3917
paging,3918
70gb,3919
unintentionally,3920
separated,3921
typed,3922
missed,3923
lightly,3924
researched,3925
budged,3926
brace,3927
dangle,3928
knife,3929
nudge,3930
assembly,3931
fixable,3932
10%,3933
re-stocking,3934
huh,3935
pb,3936
count,3937
tripped,3938
placement,3939
sized,3940
wayyyy,3941
brighter,3942
hurt,3943
magnetic,3944
fire,3945
operationally,3946
moo-ed,3947
heard,3948
you'd,3949
whir,3950
photoshopping,3951
plop,3952
gain,3953
measured,3954
leap,3955
increase,3956
gig's,3957
95%,3958
ate,3959
threw,3960
supported,3961
purred,3962
comparing,3963
ironically,3964
mileage,3965
vary,3966
4.5,3967
pre-loaded,3968
painfully,3969
obvious,3970
battle,3971
incorporated,3972
blow,3973
tout,3974
sedan,3975
who'd,3976
wanna,3977
get's,3978
following,3979
utilize,3980
cranking,3981
rake,3982
cash,3983
meticulously,3984
bet,3985
complaining,3986
$2600,3987
dent,3988
handling,3989
dandelion,3990
secret,3991
conventional,3992
stray,3993
ipearl,3994
mcover,3995
http,3996
www.amazon.com,3997
ipearl-mcover,3998
fit's,3999
protects,4000
say's,4001
wondered,4002
teacher,4003
improved,4004
bug,4005
pesky,4006
maintenance,4007
logging,4008
chromerdp,4009
work's,4010
tad,4011
fortunately,4012
folk,4013
school's,4014
educational,4015
require,4016
extension,4017
plugins,4018
corsair,4019
vengeance,4020
tight,4021
$490,4022
walmart,4023
nurse,4024
emc,4025
searched,4026
thirty,4027
beaten,4028
could't,4029
froze,4030
stink,4031
turn-on,4032
tech-support,4033
issued,4034
ticket,4035
hung-up,4036
at-least,4037
agent,4038
rma,4039
omg,4040
processed,4041
ups,4042
abut,4043
asap,4044
consistently,4045
att,4046
iphones,4047
yo,4048
amazon's,4049
reaction,4050
accustomed,4051
thankfully,4052
nine,4053
fumbling,4054
proficient,4055
loos,4056
8%,4057
standby,4058
recovers,4059
correspondence,4060
tolerate,4061
catch,4062
harmony,4063
engine,4064
numeric,4065
possibly,4066
overview,4067
beefy,4068
segregated,4069
graphical,4070
centrino,4071
productivity,4072
experiment,4073
dismay,4074
diatribe,4075
folly,4076
foisted,4077
appropriate,4078
administrative,4079
dialog,4080
multimedia,4081
volume,4082
talked,4083
oem,4084
inspect,4085
carefully,4086
destroy,4087
instance,4088
keeping,4089
cloth,4090
transporting,4091
luggage,4092
delicate,4093
os,4094
undoubtedly,4095
dabbled,4096
ricoh,4097
infamous,4098
supporting,4099
cooperating,4100
community,4101
loss,4102
freebsd,4103
fetch,4104
non-hp,4105
f6,4106
floppy,4107
ritual,4108
oems,4109
ache,4110
rant,4111
disagree,4112
knowingly,4113
problematic,4114
dishonest,4115
transmission,4116
directing,4117
solve,4118
wound,4119
disabling,4120
surmounts,4121
false,4122
topic,4123
discussed,4124
addressed,4125
circumstance,4126
shared,4127
pre-installed-windows,4128
sans,4129
lingering,4130
lawsuit,4131
professionally,4132
isolated,4133
recall,4134
taiwanese,4135
widely,4136
known,4137
taiwan,4138
optional,4139
considerably,4140
confusing,4141
certificate,4142
@,4143
hesitant,4144
e5500,4145
2ghz,4146
5ghz,4147
$50,4148
mint,4149
17.3,4150
amazed,4151
iie,4152
vax,4153
ii,4154
1990,4155
thought-out,4156
seduced,4157
existing,4158
tumi,4159
sturdier,4160
timely,4161
manner,4162
retired,4163
fork,4164
cruising,4165
scream,4166
studio,4167
den,4168
toy,4169
bmw,4170
motorcyle,4171
sister-in-law,4172
guarantee,4173
destined,4174
stolen,4175
shunting,4176
mexico,4177
india,4178
measure,4179
inaptitude,4180
adobe,4181
ae,4182
premiere,4183
ghost,4184
meh,4185
operated,4186
21,4187
performed,4188
confirmed,4189
classy,4190
draw,4191
intuos,4192
pen,4193
impression,4194
researching,4195
ultrabooks,4196
superior,4197
astonishing,4198
university,4199
ux301,4200
asked,4201
bleeding,4202
f5,4203
twisted,4204
swype,4205
kindly,4206
solved,4207
finale,4208
loop,4209
buggy,4210
household,4211
neat,4212
timed,4213
forceful,4214
exertion,4215
under-rated,4216
reused,4217
satellite,4218
discounted,4219
increased,4220
immensely,4221
raised,4222
disallowed,4223
receiving,4224
mam,4225
remotely,4226
sub-par,4227
reconfiguration,4228
failure,4229
2006,4230
toshiba's,4231
glossy,4232
who's,4233
standing,4234
prepared,4235
nature,4236
multi-tasking,4237
kingston,4238
ddr2,4239
667,4240
pc2,4241
5300,4242
left-right,4243
accidental,4244
stiff,4245
laid,4246
delete,4247
corner,4248
instantly,4249
stretch,4250
onto,4251
s-video,4252
sacrifice,4253
actuality,4254
tinkering,4255
behave,4256
linux-style,4257
it'd,4258
resume,4259
social,4260
mooc,4261
news,4262
internet-based,4263
this'll,4264
power-efficiency,4265
threatening,4266
reserve,4267
5%,4268
100gb,4269
bolster,4270
thumb,4271
microsd,4272
full-sized,4273
flipped,4274
happening,4275
strangely,4276
cast,4277
chomebook,4278
hdmi-out,4279
impractical,4280
dragging,4281
downward,4282
reasonably,4283
typo-rate,4284
applies,4285
make's,4286
shine,4287
plane-based,4288
naturally,4289
safe,4290
browser-based,4291
auto-patch,4292
lead,4293
digest,4294
upshot,4295
skill,4296
motivation,4297
serf,4298
driven,4299
accessed,4300
resistant,4301
acer's,4302
stumped,4303
surfer,4304
playstation,4305
herd,4306
linyx,4307
sign,4308
ideal,4309
c720,4310
blackout,4311
doc's,4312
rtf's,4313
oracle,4314
java,4315
bricked,4316
positive,4317
identical,4318
careful,4319
company's,4320
public,4321
surprising,4322
essentially,4323
slows,4324
achieve,4325
boughtrnthis,4326
february,4327
semester,4328
hopeless,4329
incoming,4330
freshman,4331
refreshing,4332
hooked,4333
irritated,4334
sailing,4335
jet,4336
boss,4337
stare,4338
wtf,4339
630,4340
everybody,4341
forgetfulness,4342
exaggerated,4343
selecting,4344
concept,4345
100x,4346
2x,4347
wigging,4348
learn,4349
automatic,4350
leg,4351
snail,4352
harder,4353
not-so-tech-savvy,4354
futz,4355
central,4356
powerjackrepair.org,4357
dc,4358
socket,4359
connector,4360
inlet,4361
outdid,4362
pro's,4363
incredible,4364
con's,4365
updating,4366
w540,4367
i7vpro,4368
heavily,4369
counseling,4370
medication,4371
activity,4372
beijing,4373
manufacturing,4374
low-end,4375
china,4376
re-enabling,4377
itself,4378
re-enable,4379
incorrectly,4380
forcing,4381
troubleshoot,4382
glitching,4383
ineffective,4384
avast,4385
preferred,4386
intuitive,4387
kingsoft,4388
assorted,4389
pricier,4390
robust,4391
backing,4392
grippy,4393
toting,4394
tome,4395
earned,4396
responsiveness,4397
kudos,4398
bundle,4399
playin,4400
incorporating,4401
blazing,4402
fool,4403
cohesively,4404
byw,4405
ya,4406
spill,4407
chef,4408
lol,4409
donnie,4410
uneven,4411
intend,4412
on-line,4413
december,4414
"21,2016",4415
2017,4416
startup,4417
fixing,4418
ve,4419
purist,4420
eye,4421
slight,4422
outdated.beside,4423
tasted,4424
seated,4425
urself,4426
treated,4427
gently,4428
tuesday,4429
swath,4430
upper,4431
left-hand,4432
explain,4433
assured,4434
emptor,4435
subtle,4436
zoom,4437
125%,4438
non-ips,4439
garbled,4440
beginning,4441
pre-orders,4442
listed,4443
teenage,4444
homeschooling,4445
schooling,4446
y50,4447
turd,4448
flaming,4449
driving,4450
bye,4451
reduction,4452
