Tokens,Count
great,381
good,267
problem,168
to,151
fast,149
love,141
well,111
work,106
happy,104
issue,102
a,99
like,99
of,96
slow,87
the,82
better,79
best,70
excellent,70
nice,70
perfect,67
recommend,66
it,63
easy,63
fine,60
worth,50
for,47
up,46
bad,46
terrible,44
amazing,44
i,43
more,43
buy,43
on,41
out,39
get,38
run,38
smooth,38
have,37
not,37
light,37
solid,37
use,36
new,36
need,35
disappointed,35
time,34
in,33
and,32
back,31
down,31
responsive,31
everything,30
decent,30
working,30
cheap,30
cool,30
satisfied,30
my,29
only,29
be,29
wrong,29
worst,29
can,28
faster,28
last,28
ok,28
awesome,28
beautiful,28
small,27
powerful,27
than,27
impressed,27
5,27
pleased,26
star,25
high,25
quick,25
complaint,24
what,23
turn,22
easily,22
any,22
again,22
bright,21
useless,21
off,21
right,20
is,20
free,20
stopped,20
smoothly,20
go,19
with,19
one,19
no,19
long,19
hour,19
simple,19
enough,19
thin,19
lightweight,18
2,18
price,18
fix,18
support,18
lot,18
help,18
broke,18
this,17
much,17
screen,17
cheaper,17
adequate,17
sensitive,17
helpful,17
that,16
do,16
or,16
portable,16
had,16
look,16
little,16
never,16
speed,16
suck,16
hate,16
return,16
all,15
quality,15
doe,15
clear,15
horrible,15
sleek,15
handle,15
loved,15
money,14
replace,14
impressive,14
trouble,14
fantastic,14
le,14
poor,14
freeze,14
nicely,14
play,14
quickly,14
value,13
too,13
big,13
heavy,13
smaller,13
lighter,13
expectation,13
crap,13
useful,13
size,12
getting,12
would,12
annoying,12
day,12
able,12
full,12
available,12
worked,12
needed,12
exactly,12
crash,12
went,12
but,11
surprised,11
take,11
ha,11
just,11
will,11
brand,11
purchase,11
hot,11
at,11
feature,11
4,11
3,11
waste,11
wonderful,11
elegant,11
space,11
game,11
recommended,11
charge,11
wish,11
missing,11
weak,11
dead,11
failed,11
returned,11
easier,11
sturdy,11
crashed,11
used,10
most,10
want,10
few,10
expensive,10
perfectly,10
liked,10
meet,10
feel,10
boot,10
shut,10
frustrating,10
respond,10
large,10
shuts,10
lack,10
fan,10
slower,10
nightmare,10
usable,10
difficult,10
error,10
flawlessly,10
stable,10
stunning,10
window,9
wa,9
make,9
second,9
bloatware,9
deal,9
without,9
pro,9
affordable,9
low,9
pay,9
enjoy,9
blue,9
cost,9
downside,9
10,9
heavier,9
prefer,9
longer,9
flaw,9
unresponsive,9
laptop,8
paying,8
looking,8
don't,8
about,8
same,8
buying,8
fixed,8
been,8
even,8
quite,8
con,8
handy,8
piece,8
sent,8
plenty,8
different,8
design,8
scratch,8
ridiculous,8
could,8
flawless,8
top,8
heat,8
gripe,8
beast,8
disappointing,8
skeptical,8
comfortable,8
fun,8
wonderfully,8
wanted,7
1,7
8,7
lost,7
won't,7
using,7
glad,7
capable,7
repair,7
thing,7
half,7
thanks,7
anything,7
nothing,7
hiccup,7
properly,7
ease,7
old,7
hold,7
miss,7
loving,7
power,7
detail,7
awful,7
provide,7
loud,7
quiet,7
fastest,7
experience,7
gorgeous,7
okay,7
call,7
fried,7
slim,7
drawback,7
fault,7
wow,7
garbage,7
by,6
keyboard,6
video,6
battery,6
weight,6
first,6
reliable,6
performance,6
pretty,6
latest,6
start,6
7,6
upgraded,6
bonus,6
hitch,6
died,6
way,6
functional,6
plus,6
come,6
faulty,6
amount,6
condition,6
compatible,6
expected,6
screwed,6
modern,6
matter,6
forever,6
negative,6
superb,6
solution,6
conflict,6
limited,6
huge,6
crisp,6
away,6
replaced,6
greatest,6
fit,6
poorly,6
behind,6
jump,6
steal,6
dog,6
brilliant,6
unusable,6
beware,6
stylish,6
broken,6
crappy,6
stuck,6
happier,6
frustration,6
shady,6
surprise,6
turd,6
computer,5
doesn't,5
sending,5
find,5
ever,5
bought,5
some,5
life,5
stick,5
job,5
another,5
other,5
nut,5
after,5
week,5
year,5
instead,5
did,5
can't,5
having,5
accurate,5
install,5
connect,5
sluggish,5
setting,5
change,5
loose,5
end,5
gaming,5
impossible,5
replacement,5
met,5
cover,5
crystal,5
hardly,5
randomly,5
try,5
installed,5
discrete,5
cut,5
let,5
grace,5
unhappy,5
concerned,5
technical,5
took,5
true,5
else,5
flat,5
silent,5
above,5
super,5
blown,5
stand,5
recognize,5
die,5
nicer,5
dim,5
line,5
unusual,5
solidly,5
function,5
inoperable,5
sufficient,5
fabulous,5
sharp,5
apart,5
rock,5
send,5
average,5
unnecessary,5
crazy,5
difference,5
clunky,5
drain,5
meh,5
got,4
touch,4
build,4
version,4
product,4
month,4
slowed,4
machine,4
minute,4
appreciate,4
came,4
amazon,4
two,4
port,4
attached,4
open,4
running,4
must,4
refurbished,4
class,4
black,4
cannot,4
shipping,4
older,4
upgrade,4
denied,4
convenience,4
eat,4
defective,4
going,4
unfortunate,4
level,4
found,4
killer,4
save,4
+,4
over,4
suggest,4
overheat,4
9,4
worried,4
advertised,4
delivers,4
done,4
quad-core,4
worry,4
rating,4
order,4
fail,4
junk,4
loses,4
frustrated,4
none,4
installing,4
thank,4
damaged,4
unable,4
annoyed,4
weighs,4
noticeable,4
warm,4
overheating,4
delay,4
designed,4
cumbersome,4
aware,4
quicker,4
inadequate,4
recived,4
breaking,4
waiting,4
fell,4
disabled,4
durable,4
samsung,4
disappointment,4
mind,4
shutdown,4
advantage,4
significantly,4
noise,4
acknowledged,4
fly,4
mess,4
advice,4
lower,4
hung-up,4
slows,4
drive,3
made,3
i've,3
switch,3
constantly,3
24,3
touchscreen,3
extra,3
very,3
actually,3
scaling,3
bigger,3
fuzzy,3
might,3
didn't,3
color,3
preferable,3
resolution,3
i'm,3
least,3
favorite,3
purchased,3
insanity,3
$25,3
poorly-made,3
every,3
mac,3
batty,3
hard,3
program,3
secure,3
taken,3
care,3
automatically,3
twice,3
covered,3
graphic,3
couldn't,3
review,3
book,3
driver,3
speedy,3
vibrant,3
seems,3
around,3
built,3
normal,3
disable,3
bottom,3
memory,3
though,3
paid,3
sound,3
keep,3
access,3
dropped,3
couple,3
lightning,3
carry,3
supposed,3
disconnect,3
alot,3
type,3
glitch,3
readable,3
lenovo,3
yet,3
seem,3
major,3
improvement,3
sh,3
#,3
key,3
previous,3
reflective,3
uninstall,3
shame,3
dirty,3
taking,3
system,3
economical,3
cooling,3
satisfactory,3
allow,3
double,3
bang,3
buck,3
bell,3
whistle,3
reason,3
abysmal,3
point,3
smudged-looking,3
appearance,3
lacking,3
across,3
saving,3
purchasing,3
standard,3
filled,3
turning,3
several,3
struggle,3
drop,3
resolved,3
mistake,3
seamlessly,3
dream,3
important,3
below,3
short,3
potential,3
part,3
benefit,3
friend,3
overheats,3
rugged,3
iffy,3
unfortunately,3
mushy,3
splendidly,3
red,3
tragic,3
laggy,3
ton,3
turtle,3
cracked,3
heart,3
embarrassed,3
response,3
beat,3
asking,3
stay,3
lucky,3
load,3
unregisterable,3
simpler,3
outstanding,3
well-polished,3
user-friendly,3
unique,3
corrupt,3
skip,3
pop,3
damage,3
reasonable,3
state-of-art,3
technology,3
fasionable,3
attractive,3
horribly,3
late,3
burn,3
thrilled,3
insult,3
busy,3
tendency,3
serviced,3
static,3
shock,3
stability,3
report,3
flicker,3
excelente,3
elevado,3
top-of-the-line,3
dissappointed,3
unbeatable,3
returning,3
roll,3
sanity,3
hang,3
worse,3
handicap,3
coped,3
bothered,3
tough,3
salute,3
early,3
light-weight,3
crashing,3
plastic,3
match,3
efficiently,3
death,3
alone,3
irritating,3
throw,3
hell,3
nonexistant,3
terribly,3
cheated,3
consuming,3
malfunctioned,3
haywire,3
refused,3
bezerk,3
snappier,3
hot-pluggable,3
afraid,3
small.no,3
discribed,3
caveat,3
lowest,3
functioning,3
subpar,3
noisy,3
inconvenient,3
dull,3
crapped,3
sticky,3
unprecise,3
luck,3
appealing,3
fails,3
enjoying,3
penny,3
stutter,3
hog,3
choppy,3
courteous,3
language,3
barrier,3
valuable,3
legit,3
ruined,3
popping,3
robbed,3
barrel,3
cool-but,3
refunded,3
drip,3
spin,3
disgusting,3
confortable,3
recomended,3
snap,3
masterpiece,3
wince,3
well-built,3
snazzy,3
struggling,3
touching,3
greasy,3
bugged,3
leak,3
refusing,3
minor,3
hated,3
comforable,3
god,3
drab,3
release,3
downfall,3
require,3
trick,3
beaten,3
froze,3
stink,3
engine,3
problematic,3
sturdier,3
superior,3
astonishing,3
sacrifice,3
strangely,3
seamless,3
quietly,3
jet,3
forgetfulness,3
outdid,3
incredible,3
low-end,3
uneven,3
three-star,3
outdated.beside,3
beauty,3
subtle,3
say,2
performs,2
choice,2
inch,2
really,2
still,2
dual,2
functionality,2
kind,2
so,2
xp,2
medium,2
clearer,2
bother,2
rid,2
transfer,2
photo,2
6,2
disposable,2
expensively,2
flair,2
deliveredin,2
put,2
honestly,2
$250,2
ask,2
pc,2
thought,2
dandy,2
security,2
fussing,2
within,2
three,2
completely,2
almost,2
doubt,2
integral,2
gone,2
loaded,2
picture,2
exceptional,2
flimsy,2
8gb,2
plug,2
site,2
interface,2
scroll,2
finger,2
option,2
however,2
started,2
wasn't,2
locked,2
later,2
phenomenal,2
ill,2
effect,2
breeze,2
compact,2
basic,2
answer,2
future,2
hd,2
update,2
repaired,2
cant,2
download,2
expect,2
ultra,2
anyone,2
thinner,2
we,2
jack,2
head,2
hear,2
click,2
hp,2
should,2
vista,2
model,2
maxed,2
fair,2
surprisingly,2
home,2
efficient,2
probably,2
many,2
exchange,2
wasting,2
staying,2
print,2
hassle,2
liking,2
spanking,2
capability,2
silver,2
textured,2
remove,2
nonexistent,2
random,2
stuttering,2
rebooted,2
limp,2
whatever,2
refund,2
reboot,2
$400,2
unreal,2
60%,2
lag,2
$750,2
hr,2
100%,2
trendy,2
understand,2
promise,2
restarting,2
concern,2
numerous,2
definitely,2
afford,2
reliability,2
breaker,2
button,2
pixel,2
1920x1080,2
spoiling,2
significant,2
strong,2
bottleneck,2
wear,2
alternative,2
wait,2
unavoidable,2
pain,2
beyond,2
process,2
dedicated,2
fluently,2
30,2
render,2
fluent,2
dark,2
favourite,2
charging,2
crawl,2
oomph,2
restart,2
elsewhere,2
touchy,2
useable,2
requires,2
crapton,2
sad,2
travel,2
cause,2
strange,2
beautifully,2
tool,2
closed,2
flush,2
unfixed,2
crack,2
grateful,2
others,2
misalign,2
detected,2
guide,2
backlit,2
trust,2
inexpensive,2
downloading,2
full-fledged,2
premium,2
tiny,2
watch,2
horrendous,2
15.6,2
capture,2
~,2
horizontally,2
greater,2
wipe,2
restore,2
transition,2
push,2
transferred,2
info,2
stop,2
responding,2
spending,2
performing,2
market,2
performer,2
connectivity,2
movie,2
wasteing,2
spot,2
bulky,2
burned,2
masochistic,2
e,2
el,2
immediately,2
float,2
constructed,2
cute,2
vertical,2
blank,2
foolish,2
spend,2
compliment,2
hoping,2
buena,2
sleep,2
prob,2
slowing,2
risen,2
represented,2
updated,2
disappear,2
nil,2
replaceable,2
series,2
bluescreens,2
crak,2
misrepresentation,2
16gb,2
replacing,2
quits,2
ball,2
visually,2
dual-screen,2
cleaner,2
tear,2
rip,2
minimal,2
bargain,2
inconvenience,2
scathing,2
newest,2
disappearing,2
decreased,2
dirt-like,2
restored,2
11,2
expandable,2
sunk,2
expense,2
infected,2
regret,2
horror,2
useles,2
criticism,2
bump,2
dissapointed,2
inefficient,2
birght,2
lining,2
freak,2
revel,2
simplicity,2
press,2
clicking,2
tint,2
prettiest,2
highest-pick-your-favorite-techie-thing,2
express,2
cache,2
ativ,2
limit,2
drained,2
grease,2
pointer,2
changed,2
fear,2
blend,2
pleasing,2
step,2
mind-blowing,2
restricting,2
excessive,2
ultralow,2
rewarding,2
damn,2
panic,2
fee,2
brighter,2
hurt,2
bound,2
pre-loaded,2
painfully,2
obvious,2
blow,2
meticulously,2
thirty,2
upset,2
restocking,2
destroy,2
dishonest,2
disabling,2
false,2
amazed,2
scream,2
promised,2
inaptitude,2
solved,2
buggy,2
neat,2
under-rated,2
increased,2
bloatwear,2
glossy,2
stiff,2
delete,2
stretch,2
quibble,2
reaching,2
full-sized,2
appeal,2
wigging,2
learn,2
automatic,2
pro's,2
back-lit,2
customizablility,2
con's,2
incorrectly,2
intuitive,2
kudos,2
imperfection,2
intend,2
neutral,2
ve,2
explain,2
driving,2
google,1
device,1
based,1
software,1
task,1
tablet,1
surface,1
along,1
something,1
mode,1
hook,1
mouse,1
monitor,1
quad,1
college,1
text,1
asus,1
already,1
it's,1
la,1
display,1
apple,1
phone,1
us,1
daily,1
under,1
see,1
said,1
i'll,1
gave,1
macbook,1
muttering,1
reformatting,1
horse,1
putting,1
defragmenting,1
ad,1
ended,1
clean,1
bar,1
15,1
word,1
web,1
become,1
hidden,1
were,1
internet,1
connected,1
chromebook,1
displayed,1
slightly,1
office,1
wouldn't,1
unless,1
cautious,1
spent,1
core,1
i7,1
1tb,1
4k,1
8000,1
cpumark,1
sure,1
classic,1
shell,1
multi-touch,1
file,1
main,1
wireless,1
refuse,1
sometimes,1
box,1
allows,1
ability,1
availabe,1
online,1
youe,1
set,1
think,1
move,1
multitasking,1
lit,1
opened,1
looked,1
input,1
view,1
place,1
cd,1
contacted,1
customer,1
apps,1
dont,1
viewing,1
angle,1
ordered,1
softer,1
m,1
typing,1
spectation,1
usb,1
write,1
road,1
such,1
side,1
honest,1
ware,1
paperweight,1
fingerprint,1
user,1
overall,1
po,1
ago,1
soo,1
fooled,1
filthy,1
$200,1
newer,1
gpu,1
intel,1
gma,1
read,1
due,1
finish,1
netflix,1
business,1
evaluate,1
differently,1
hope,1
malware,1
seemed,1
past,1
left,1
empty,1
setup,1
mini,1
research,1
laptop's,1
playable,1
framerates,1
let's,1
various,1
expecting,1
final,1
nail,1
coffin,1
happen,1
inside,1
sell,1
ordering,1
grip,1
investment,1
arrived,1
blotware,1
lasting,1
delivered,1
wide,1
playing,1
applecare,1
familiar,1
owned,1
17,1
editing,1
figured,1
lighting,1
hype,1
suddenly,1
combination,1
plugged,1
functioned,1
dollar,1
gamers,1
lap,1
necessary,1
direction,1
opportunity,1
feeling,1
nor,1
live,1
next,1
four,1
hit,1
traditional,1
scrolling,1
improve,1
larger,1
capacity,1
reduced,1
fairly,1
external,1
12,1
appropriately,1
hdd,1
record,1
received,1
equal,1
heating,1
largest,1
roast,1
factor,1
neither,1
occasionally,1
range,1
waited,1
optical,1
molasses,1
upped,1
40,1
played,1
muddle,1
gloomy,1
saturated,1
definitly,1
frequency,1
unsure,1
reach,1
temperature,1
100,1
degree,1
celsius,1
simply,1
proposition,1
managed,1
owner,1
success,1
honor,1
charged,1
substitute,1
document,1
90%,1
50%,1
discharged,1
experienced,1
eats,1
overly,1
win,1
excuse,1
knew,1
prompt,1
described,1
obsolete,1
vga,1
hardware,1
changing,1
command,1
config,1
out-of-the-box,1
rather,1
signal,1
oh,1
mention,1
blood,1
edge,1
board,1
comparable,1
maximizes,1
minimizes,1
correct,1
position,1
pull,1
finally,1
adjust,1
serve,1
shortcoming,1
fully,1
assortment,1
cable,1
lcd,1
hasn't,1
pin,1
adjusting,1
recline,1
forward,1
backwards,1
patch,1
ripped,1
documentation,1
include,1
ac,1
someone,1
seen,1
adjustment,1
accustom,1
operating,1
phyically,1
compare,1
netbooks,1
75%,1
believe,1
$1000,1
similar,1
wi-fi,1
2.6,1
ghz,1
turbo,1
3.5,1
matte,1
lb,1
ready,1
ear,1
200,1
generally,1
frequently,1
understanding,1
calling,1
virus,1
share,1
world,1
suggestion,1
showed,1
selected,1
specifically,1
x86,1
arm,1
wiped,1
proper,1
thin-client,1
cursor,1
trusted,1
frame,1
rate,1
total,1
kill,1
claimed,1
h,1
broadcom,1
accelerator,1
interested,1
settled,1
chance,1
knowing,1
bed,1
shoved,1
throat,1
xbrite,1
group,1
burner,1
attach,1
pie,1
multiple,1
bare,1
encountered,1
conflicting,1
solves,1
aggravation,1
continues,1
aunque,1
su,1
precio,1
un,1
poco,1
respecto,1
al,1
costo,1
que,1
mismo,1
tiene,1
vendido,1
por,1
propia,1
noticed,1
construction,1
appear,1
like-new,1
closer,1
acceptable,1
outweighs,1
unplugging,1
anywhere,1
199,1
$,1
bolonga,1
nobody,1
backup,1
kick,1
possible,1
churn,1
20%,1
canceled,1
fulfilled,1
devoted,1
tempted,1
reproduce,1
warning,1
net,1
similarly,1
priced,1
quantity,1
plugging,1
kept,1
needing,1
rom-drive,1
2013,1
stupid,1
deserves,1
operate,1
visible,1
cleaned,1
encounter,1
rest,1
shaking,1
them-self,1
darn,1
settle,1
aaa,1
survive,1
follow,1
secondary,1
cod,1
needle,1
immediate,1
fry's,1
$1499,1
4gb,1
2tb,1
simultaneously,1
advanced,1
warfare,1
medium-high,1
1980x1080,1
stream,1
incorporates,1
restarts,1
abuse,1
positively,1
hundred,1
section,1
configuration,1
amd,1
affinity,1
astonishment,1
solving,1
bend,1
radeon,1
initially,1
taste,1
form,1
common,1
talk,1
expedient,1
ransom,1
pricey,1
insurance,1
treat,1
substandard,1
giant,1
win8,1
purple,1
withstand,1
completing,1
substance,1
hair,1
prone,1
pushed,1
lasted,1
reciept,1
helped,1
required,1
$300,1
bring,1
expedite,1
sweet,1
reputable,1
fierce,1
crime,1
timemachine,1
x4,1
mo,1
syncs,1
wirelessly,1
organizational,1
longs,1
arduous,1
lagging,1
upgradable,1
hardrive,1
learning,1
curve,1
era,1
uninstalling,1
distinguishing,1
perfecto,1
estado,1
responsables,1
management,1
d-e-a-d,1
balance,1
np700z5c,1
chronos,1
3635qm,1
750gb,1
np700z5c-s01us,1
1.2g,1
3h,1
leaking,1
expresscache,1
1.2ghz,1
2.5,1
3.2,1
reacts,1
clothes,1
5g,1
physical,1
allocated,1
30gb,1
commit,1
0.94,1
knowledgeable,1
overfull,1
stroke,1
annoyance,1
desire,1
mistakely,1
deep,1
resistance,1
contoured,1
$3000,1
displayport,1
converted,1
raved,1
pleasant,1
tedious,1
affect,1
groan,1
20th,1
slouch,1
shorter,1
failers,1
steep,1
adapting,1
sadly,1
yoga,1
comfortably,1
weakness,1
missed,1
swap,1
pb's,1
heard,1
gig,1
limitation,1
ate,1
threw,1
supported,1
battle,1
utilize,1
complaining,1
stray,1
pesky,1
fumbling,1
harmony,1
beefy,1
folly,1
foisted,1
fetch,1
solve,1
advertisement,1
lingering,1
hesitant,1
screamer,1
thought-out,1
timely,1
manner,1
fork,1
cruising,1
toy,1
irreparable,1
stolen,1
measure,1
editor,1
magnet,1
addition,1
bleeding,1
kindly,1
raised,1
sub-par,1
threatening,1
5%,1
interact,1
cast,1
internet-heavy,1
resistant,1
simplistic,1
sign,1
ideal,1
bricked,1
versatility,1
boughtrnthis,1
sailing,1
leg,1
snail,1
futz,1
dc,1
socket,1
connector,1
inlet,1
framerate,1
counseling,1
medication,1
china,1
re-enabling,1
preferred,1
pricier,1
robust,1
grippy,1
ya,1
swath,1
flaming,1
bough,0
goody,0
offer,0
holiday,0
redeem,0
website,0
code,0
storage,0
am,0
how,0
unit,0
.,0
either,0
reader,0
sister,0
13,0
',0
em,0
both,0
dell,0
microsoft,0
seller,0
inspiron,0
1525,0
from,0
2008,0
which,0
chugging,0
forth,0
serious,0
pad,0
funky,0
opted,0
pentium,0
processor,0
far,0
8.1,0
versus,0
rival,0
macbooks,0
general,0
browsing,0
watching,0
also,0
control,0
panel,0
deduct,0
webstorage,0
app,0
people,0
",",0
you,0
remember,0
ln,0
who've,0
yellow,0
greenish,0
result,0
ln's,0
always,0
geek,0
them,0
purely,0
because,0
music,0
etc,0
since,0
guess,0
son,0
christmas,0
tree,0
fact,0
disc,0
pure,0
comment,0
fervor,0
religious,0
convert,0
reverently,0
course,0
(,0
shudder,0
),0
husband,0
former,0
upon,0
forced,0
workplace,0
everyone,0
bit,0
despite,0
six,0
trojan,0
protect,0
nauseum,0
once,0
that's,0
warranty,0
prior,0
store's,0
genius,0
overnight,0
frequent,0
application,0
whether,0
audio-visual,0
playback,0
processing,0
ebook,0
reading,0
building,0
iphone,0
yes,0
imagine,0
lived,0
notice,0
timing,0
visit,0
blog,0
link,0
given,0
profile,0
page,0
here,0
phonetically,0
url,0
livingasseniors,0
dot,0
blogspot,0
com,0
friday's,0
entry,0
weekend,0
entertainment,0
recs,0
film,0
tv,0
buried,0
treasure,0
gem,0
published,0
monday,0
wednesday,0
friday,0
didnt,0
surfing,0
email,0
wordl,0
brother,0
printer,0
fax,0
scanner,0
obtained,0
!,0
built-in,0
especially,0
casing,0
otherwise,0
student,0
confident,0
remembering,0
carrying,0
flip,0
if,0
you're,0
dvd,0
haswell,0
-,0
4710hq,0
hyperthreads,0
real,0
ram,0
output,0
hdmi,0
harmon,0
kardon,0
speaker,0
xeon,0
workstation,0
e5440,0
2.83ghz,0
give,0
25,0
40%,0
boost,0
called,0
menu,0
chromebooks,0
sale,0
open-box,0
$585,0
uefi,0
create,0
vhd,0
add,0
affecting,0
802.11ac,0
1200mbps,0
router,0
usb3,0
are,0
extremely,0
when,0
gotten,0
there's,0
an,0
bios,0
legacy,0
reinstall,0
5400rpm,0
consider,0
hybrid,0
7200rpm,0
ssd,0
screw,0
soldered,0
toshiba,0
bga,0
format,0
lemon,0
five,0
then,0
screwing,0
acer,0
professional,0
remains,0
now,0
except,0
cutting,0
closing,0
reopening,0
search,0
headphone,0
default,0
pair,0
internal,0
middleschooler,0
homework,0
touchpad,0
myself,0
quizlet,0
subject,0
imanahible,0
studying,0
lightness,0
highly,0
reconmend,0
prossessing,0
spreadsheet,0
drawing,0
advised,0
maybe,0
im,0
price-features,0
often,0
bluetooth,0
sculpt,0
?,0
giving,0
dario,0
trackpad,0
lintel,0
factory,0
man,0
id,0
video-block-rof3v205wcygk,0
a-section,0
a-spacing-small,0
a-spacing-top-mini,0
video-block,0
name,0
images-na.ssl-images-amazon.com,0
image,0
a14y3y1%,0
2bhes.mp4,0
video-url,0
61jgvpfrfgs.png,0
video-slate-img-url,0
nbsp,0
2015,0
merely,0
content,0
strategic,0
tried,0
contact,0
there,0
reply,0
acknowledgement,0
placed,0
97,0
via,0
desktop,0
wifi,0
service,0
ibm,0
thinkpad,0
daughter,0
school,0
basically,0
excel,0
playstore,0
know,0
allowed,0
chrome,0
o,0
directly,0
front,0
tn,0
camera,0
utter,0
multi,0
who,0
doesnt,0
lose,0
as,0
outside,0
campus,0
`,0
gamer,0
connection,0
becomes,0
attempting,0
item,0
description,0
2.0,0
3.0,0
single,0
micro,0
child,0
avid,0
writer,0
car,0
sometime,0
/,0
mic,0
mono,0
we'll,0
it'll,0
hinge,0
personal,0
expierence,0
alien,0
mx17,0
they,0
begun,0
haven't,0
may,0
tech-person,0
tell,0
actual,0
bare-bones,0
shortcut,0
frankly,0
totally,0
browser,0
3mb,0
yeah,0
icloud,0
store,0
certified,0
grade,0
trash,0
selling,0
betamacs,0
$1200,0
photoshop,0
aperture,0
iphoto,0
gigabyte,0
btw,0
160,0
nvidia,0
geforce,0
fresh,0
snow,0
leopard,0
maverick,0
traveling,0
everywhere,0
chose,0
gold,0
champagne,0
showing,0
satin,0
considering,0
alternate,0
enterprise,0
nov,0
dec,0
partner,0
additional,0
23,0
27,0
pdf,0
2016,0
outlook,0
e-mail,0
server,0
present,0
delivery,0
pawn,0
shop,0
writing,0
downloded,0
android,0
granddaughter,0
her,0
sibling,0
borrow,0
tap,0
year-old,0
gateway,0
horsepower,0
card,0
excited,0
released,0
half-life,0
aforementioned,0
840m,0
skyrim,0
bioshock,0
infinite,0
tomb,0
raider,0
mixture,0
audio,0
where,0
located,0
paired,0
dolby,0
theater,0
niceities,0
foremost,0
describe,0
thinking,0
protective,0
cleaning,0
nope,0
apparently,0
distracting,0
against,0
white,0
background,0
tweaked,0
reproduction,0
me,0
experiencing,0
inevitably,0
folder,0
happened,0
baby,0
logic,0
learned,0
equivalent,0
tower,0
through,0
600,0
rockin,0
1000,0
complete,0
win8.1,0
quit,0
client,0
scientific,0
instrument,0
t450s,0
256g,0
8g,0
$1300,0
$900,0
recipient,0
rom,0
stuff,0
$249,0
plan,0
s,0
company,0
d620,0
shipped,0
latitude,0
insprion,0
retail,0
tampa-laptops,0
question,0
disk,0
portability,0
netbook,0
2gb,0
chip,0
fyi,0
1gbpc2,0
6400,0
666mhz,0
sodimm,0
slot,0
$15,0
16,0
gb,0
sd,0
realistic,0
muti,0
tasking,0
compared,0
17in,0
wanting,0
period,0
diagnosed,0
standpoint,0
requirement,0
decided,0
coworkers,0
photography,0
edit,0
retina,0
youtube,0
tutorial,0
saw,0
loading,0
umbrella,0
chunk,0
wife,0
manufacturer,0
until,0
detachable,0
previously,0
resolve,0
before,0
posting,0
their,0
policy,0
state,0
eligible,0
300,0
saved,0
he,0
&,0
break,0
told,0
added,0
doc,0
our,0
she,0
remedied,0
charger,0
test,0
spec,0
initial,0
magazine,0
mixed,0
earlier,0
offered,0
ran,0
$2000,0
foot,0
planted,0
earth,0
what's,0
area,0
summary,0
concave,0
trade-off,0
notebook,0
coding,0
fall,0
biggest,0
touch-tap,0
accident,0
somewhere,0
particularly,0
field,0
accidentally,0
losing,0
you've,0
entered,0
durability,0
mechanism,0
separate,0
mac-like,0
gesture,0
sizing,0
exist,0
resisted,0
off-the-shelf,0
particular,0
800,0
tall,0
mostly,0
relatively,0
benefited,0
being,0
recently,0
4th,0
generation,0
5th,0
fourth,0
fifth,0
experimenting,0
throttling,0
cpu,0
brightness,0
rarely,0
generate,0
outlet,0
note,0
air,0
practically,0
i'd,0
opt,0
mentioned,0
aren't,0
today,0
packed,0
shouldn't,0
served,0
action,0
tb,0
case,0
implication,0
trying,0
channel,0
high-quality,0
your,0
band,0
typical,0
usage,0
hampered,0
workstation-class,0
close,0
minimum,0
inspire,0
confidence,0
generates,0
component,0
source,0
internals,0
dy,0
tap-click,0
dual-core,0
generation-based,0
ignored,0
whole,0
shortly,0
decision,0
making,0
relative,0
recent,0
personally,0
duration,0
overseas,0
isn't,0
smartphone,0
forgivable,0
ahead,0
stabilize,0
:,0
mobile,0
touch-pad,0
figuring,0
dealing,0
motherboard,0
supply,0
instruction,0
decisionii,0
"""",0
everyday,0
advertise,0
selection,0
rig,0
casual,0
list,0
tested,0
512,0
mb,0
portal,0
teamfortress2,0
garry'smod,0
anti,0
aliasing,0
turned,0
1600x900,0
counter,0
strike,0
global,0
offensive,0
warframe,0
50,0
fps,0
1368x768,0
minecraft,0
60,0
although,0
distance,0
avoid,0
studdering,0
terrarium,0
highest,0
league,0
legend,0
80,0
b,0
pic,0
deleting,0
u,0
mean,0
clock,0
guessing,0
auto,0
starcraft,0
mmo,0
sims,0
overwatch,0
explanation,0
mfgs,0
tend,0
separately,0
geographics,0
ceo,0
mailed,0
obviously,0
willing,0
mile,0
accessory,0
sorry,0
hint,0
indicates,0
original,0
transformer,0
cord,0
swear,0
conclusion,0
truly,0
figure,0
sub,0
track,0
drag,0
n,0
select,0
customize,0
firefox,0
barely,0
budget,0
according,0
title,0
tends,0
therefore,0
gap,0
between,0
each,0
mine,0
active,0
directory,0
credential,0
enter,0
login,0
vpn,0
remote,0
terminal,0
previoiusly,0
thus,0
bypassing,0
local,0
together,0
resource,0
amazon.com,0
address,0
backlight,0
usb-c,0
thunderbolt,0
resulted,0
sleeker,0
linux,0
ubuntu,0
two-finger,0
grub,0
realize,0
regardless,0
blame,0
soon,0
these,0
compatibility,0
flag,0
lousy,0
cell,0
tl,0
;,0
dr,0
linux-compatibility,0
non-tech,0
savy,0
mother,0
depending,0
ultra-high,0
max,0
example,0
elder,0
higher,0
webpage,0
tremendously,0
gta,0
mod,0
lspdfr,0
everytime,0
h1z1,0
player,0
battleground,0
unknown,0
sooo,0
style,0
logo,0
en,0
expectatios,0
fallout,0
v,0
telling,0
$259,0
sensitivity,0
integrated,0
rubberized,0
schoolwork,0
browse,0
his,0
console,0
brocessing,0
wal-mart,0
arrives,0
365,0
boneheaded,0
likely,0
powered,0
hub,0
installation,0
projector,0
neoprene,0
pocket,0
notepad,0
nuff,0
november,0
midway,0
january,0
min,0
eventually,0
saying,0
starting,0
cap,0
lock,0
pressed,0
possibility,0
transit,0
protecting,0
bubble,0
wrap,0
adding,0
fragile,0
designation,0
prove,0
anyway,0
self,0
underlying,0
tactile,0
feedback,0
reality,0
dock,0
aligned,0
provides,0
uncomfortable,0
edition,0
bsods,0
mainly,0
pertaining,0
anniversary,0
oops,0
package,0
label,0
certain,0
into,0
ie,0
serial,0
re-install,0
explains,0
information,0
attest,0
dad,0
family,0
facebooking,0
$600,0
operates,0
clown,0
wished,0
gift,0
preteen,0
grandson,0
moon,0
nextbook,0
firewall,0
restriction,0
corporate,0
auditor,0
location,0
check,0
bill,0
shopping,0
usual,0
sheet,0
suite,0
lately,0
discovered,0
epson,0
run-of-the-mill,0
cloud,0
scan,0
house,0
zillow,0
stall,0
refresh,0
circle,0
spinning,0
$140,0
developing,0
while,0
day-to-day,0
32,0
emmc,0
essential,0
64,0
128,0
opinion,0
answered,0
reached,0
individual,0
1010,0
idealpad's,0
herself,0
young,0
teenager,0
paper,0
hulu,0
detailed,0
firstly,0
6700hq,0
$779,0
multitasker,0
please,0
perform,0
date,0
sitting,0
manager,0
reportedly,0
ethernet,0
rj,0
45,0
msi's,0
www.msi.com,0
gl62,0
6qf.html,0
down-driver,0
win10,0
roughly,0
360,0
rendering,0
creation,0
|,0
gtx,0
960m,0
1080p,0
current,0
vram,0
virtual,0
term,0
3d,0
streaming,0
twitch,0
usually,0
3.1,0
thread,0
mid-level,0
extensive,0
e.g,0
somewhat,0
doable,0
rgb,0
knowledge,0
solid-state,0
wicked,0
7200,0
rpm,0
storing,0
c,0
confused,0
ddr4,0
ddr3,0
1920x1080p,0
ip,0
in-plane,0
switching,0
5.3,0
idle,0
insert,0
g,0
certainly,0
3200,0
3300,0
sony,0
vega,0
170,0
fahrenheit,0
76.67,0
prevent,0
38,0
39,0
norton,0
trial,0
defender,0
msi,0
dragon,0
center,0
stats,0
%,0
arise,0
mid-upper,0
all-around,0
hopefully,0
wi,0
fi,0
tooth,0
troubleshooting,0
i3,0
ship,0
own,0
pavilion,0
clearly,0
accessing,0
pc's,0
universe,0
you'll,0
account,0
1080,0
data,0
sliver,0
smart,0
coming,0
handed,0
wire,0
prime,0
_,0
develop,0
platform,0
in-house,0
on-the-go,0
development,0
absolutely,0
delightful,0
arch,0
chromeos,0
felt,0
architecture,0
specific,0
related,0
they're,0
intended,0
apply,0
intending,0
talking,0
disregard,0
logged,0
sat,0
syncing,0
preference,0
ultimately,0
restarted,0
informed,0
communicating,0
enabling,0
developer,0
recovery,0
greeted,0
informing,0
proceed,0
reset,0
locate,0
acting,0
write-protect,0
jumper,0
removed,0
successfully,0
flashing,0
closest,0
near,0
doing,0
unsupported,0
john,0
lewis's,0
seabios,0
resulting,0
compiling,0
kernel,0
remoting,0
screw-around,0
14,0
upload,0
flash,0
canon,0
bro,0
18,0
downloaded,0
became,0
virtually,0
tech,0
downloads,0
de-bug,0
explorer,0
appears,0
packaging,0
reformat,0
goto,0
notebookreview,0
chiclet,0
re,0
esata,0
vmware,0
i5,0
duo,0
retailer,0
sorted,0
webcam,0
message,0
memomery,0
mere,0
show,0
p4,0
1.6ghz,0
provided,0
tft,0
purpose,0
younth,0
win2000,0
*,0
pissed,0
nerve,0
agree,0
winxp,0
networking,0
communicate,0
configured,0
thesis,0
math,0
modeling,0
crunching,0
substantially,0
2.4ghz,0
desk,0
synthesizer,0
hitting,0
midi,0
choke,0
sample,0
meaning,0
512mb,0
steinberg's,0
grand,0
real-time,0
latency,0
non-asio,0
pcmcia,0
bus,0
peripheral,0
3xusb,0
firewire,0
modem,0
802.11b,0
svga,0
ir,0
2xpcmcia,0
reviewer,0
burning,0
copied,0
jr,0
bewcasue,0
military,0
deployment,0
iraq,0
orderd,0
followed,0
becasue,0
route,0
continue,0
untill,0
whcich,0
1200,0
lug,0
town,0
clarity,0
appreciated,0
adapter,0
targa,0
backpack,0
spotted,0
combo,0
.2,0
ibook,0
tiger,0
pleasure,0
switched,0
rebate,0
spacing,0
lapotp,0
popular,0
ultra-light,0
deficiency,0
sit,0
yoir,0
knee,0
ultra-portable,0
toshibas,0
destructive,0
unacceptable,0
assigned,0
whose,0
voice,0
mail,0
number,0
countless,0
uninformed,0
intelligible,0
techie,0
massive,0
microfiber,0
couch,0
hooking,0
hdtv,0
wired,0
posted,0
sold,0
dell's,0
reputation,0
private,0
surf,0
written,0
attorney,0
irvine,0
california,0
headquarters,0
ed,0
philadelphia,0
lamentablemente,0
permite,0
comprar,0
equipos,0
tarjetas,0
de,0
credito,0
internacionales,0
pagina,0
yup,0
gt627,0
218us,0
kind-a,0
non-brand,0
originally,0
roomy,0
lithium-ion,0
nicad,0
shelf,0
all-time,0
battlefield,0
1942,0
cmpares,0
gonna,0
literally,0
99%,0
constant,0
thick,0
uniform,0
e-mailed,0
90,0
disposale,0
100th,0
chatting,0
rep,0
demanded,0
landfill,0
somwhere,0
failing,0
anywho,0
we're,0
lid,0
latch,0
atom,0
checking,0
tube,0
opts,0
yesterday,0
wating,0
se,0
till,0
idea,0
9th,0
idk,0
australia,0
april,0
aussie,0
network,0
mw1,0
mw2,0
albeit,0
crysis,0
acquire,0
door,0
ca,0
$940aud,0
priceusa,0
mackam,0
logical,0
$70aud,0
presentation,0
hungry,0
powerpoint,0
refurbed,0
leave,0
vent,0
escape,0
pillow,0
utility,0
overclock,0
refurb,0
2.53ghz,0
scary,0
anyhow,0
american,0
chocolate,0
ensuing,0
gag,0
reflex,0
law,0
diminshing,0
mmmmm,0
landed,0
passed,0
meantime,0
purchaser,0
status,0
cancellation,0
25th,0
2010,0
2g,0
independent,0
eee,0
matlab,0
wolfram,0
alpha,0
left4dead,0
caused,0
asus's,0
lecture,0
happens,0
seven,0
eight,0
angry,0
repairing,0
proving,0
developed,0
nvidia's,0
optimus,0
powering,0
killing,0
vast,0
majority,0
silly,0
1.2,0
pose,0
science,0
maintain,0
offering,0
impatient,0
occasion,0
navigate,0
magic,0
occur,0
micrsoft,0
4hr,0
batt,0
opposed,0
metal,0
televison,0
tech-y,0
person,0
uploading,0
body,0
pick,0
study,0
essay,0
whatsoever,0
webroot,0
library,0
equally,0
vaio,0
thru,0
deciding,0
samsung's,0
disappeared,0
requiring,0
eliminates,0
repeated,0
rationale,0
unstable,0
screeen,0
elminates,0
overriding,0
get-go,0
underwhelming,0
realized,0
shockwave,0
plugin,0
regularly,0
per,0
operation,0
headache,0
ultrabook,0
fat,0
high-def,0
fue,0
lo,0
ma,0
impresiono,0
gusto,0
para,0
hombre,0
serio,0
ejecutivo,0
esto,0
da,0
decir,0
pesar,0
todo,0
los,0
componentes,0
muy,0
hasta,0
juegos,0
corre,0
bien,0
como,0
dugeon,0
siege,0
iii,0
recomiendo,0
removing,0
entire,0
trough,0
videocard,0
wont,0
wrote,0
besides,0
fancy,0
maneuver,0
deadline,0
whenever,0
additionally,0
newegg,0
chassis,0
dimension,0
daughter's,0
unexpectedly,0
cat,0
knocked,0
glass,0
water,0
currently,0
pop-up,0
leaving,0
tapping,0
third,0
20,0
pas,0
googled,0
recycle,0
4am,0
father,0
2012,0
gpus,0
stated,0
workhorse,0
stunted,0
shift,0
700m,0
hello,0
regard,0
carlos,0
jos,0
yegres,0
coffee,0
backed,0
creative,0
indesign,0
illustrator,0
vizio,0
43,0
aspect,0
lift,0
wake,0
hotkeys,0
sleeping,0
hot-plugging,0
hence,0
highlight,0
expert,0
equipment,0
claiming,0
hand,0
son's,0
him,0
interim,0
thins,0
attachment,0
act,0
boundary,0
recovering,0
g50,0
ops,0
60fps,0
dropping,0
mid,0
preset,0
wall,0
atrocious,0
7th,0
gen,0
csgo,0
percent,0
balanced,0
personly,0
802.11,0
2.44,0
bottle,0
neck,0
d-sub,0
correctly,0
2usb,0
envy,0
completed,0
decide,0
indicated,0
2014,0
manufactured,0
those,0
peculiar,0
june,0
extending,0
xxxx,0
march,0
batch,0
discover,0
appreciative,0
dependent,0
consumer,0
newly,0
variant,0
overclocking,0
non-hardcore,0
t100tam,0
computing,0
64g,0
bog,0
recharge,0
night,0
activate,0
compute,0
recieved,0
promptly,0
october,0
craputers,0
opertions,0
would've,0
repackaged,0
registered,0
copy,0
paste,0
department,0
accomplished,0
radius,0
living,0
situation,0
resident,0
evaluating,0
relation,0
evaluation,0
cx61,0
gt,0
920m,0
tab,0
intensive,0
counter-strike,0
g.o,0
deterioratiion,0
i.e,0
staingate,0
finding,0
approximately,0
pound,0
750,0
hindrance,0
ive,0
intricate,0
jmp,0
statistical,0
analysis,0
unplugged,0
estimate,0
observation,0
bent,0
blade,0
wobbling,0
$500,0
exception,0
aluminum,0
hoped,0
including,0
slowdown,0
itl,0
birthday,0
versatile,0
965,0
7600,0
chipset,0
5k,0
towards,0
originpc,0
unexpectantly,0
incident,0
smile,0
excitement,0
face,0
definite,0
recognized,0
toward,0
middle,0
pressing,0
bending,0
rubbing,0
e-machines,0
picked,0
$350,0
equated,0
budget-build,0
15z,0
biggie,0
moment,0
regular,0
exit,0
yt,0
screening,0
watched,0
checked,0
windows10,0
wise,0
pack,0
installs,0
ten,0
3.17.2016,0
nearing,0
contract,0
shall,0
stress,0
12.12.2017,0
owning,0
retiring,0
corrupted,0
thirdly,0
fluke,0
ideosynchrosies,0
traded,0
dv6,0
5000,0
shape,0
forgetting,0
aside,0
they'll,0
extended,0
warranrty,0
asset,0
ipad,0
macro,0
professor,0
demonstrate,0
tho,0
september,0
story,0
post,0
expire,0
kinda,0
vendor,0
mysteriously,0
july,0
password,0
tied,0
lesson,0
warn,0
began,0
production,0
multi-purpose,0
mousepad,0
sporadically,0
hanging,0
reformatted,0
reinstalled,0
rubber,0
obvously,0
hunt,0
reliably,0
awkward,0
layout,0
jammed,0
yr,0
graduation,0
indicator,0
morning,0
buyer,0
manipulated,0
fake,0
$1500,0
lenovo's,0
peck,0
method,0
somehow,0
apparent,0
rocking,0
seahawks,0
green,0
hawk,0
pace,0
division,0
redemption,0
expired,0
chat,0
begin,0
packaged,0
noted,0
opening,0
basis,0
1.5,0
involved,0
kid,0
choose,0
beginner,0
400,0
johnny,0
53%,0
nearly,0
prop,0
anticipate,0
programming,0
lunch,0
jumped,0
91%,0
acquainted,0
amazingly,0
copying,0
exploring,0
660r,0
exact,0
deployed,0
planet,0
communication,0
spare,0
effective,0
banned,0
suspect,0
xbox,0
ps3,0
11.6,0
master's,0
we've,0
2000,0
1995,0
2007,0
imac,0
mba,0
dang,0
lightening,0
2.4,0
long-time,0
adopter,0
guy,0
grab,0
bandwagon,0
included,0
sort,0
batter,0
agonizingly,0
decade,0
appointment,0
powerbook,0
1400c,0
powerpc,0
screeching,0
halt,0
dongle,0
mark-up,0
enjoys,0
tinyto,0
ilife,0
dummy,0
jim,0
heid's,0
hardcore,0
bringing,0
includes,0
data-hook,0
product-link-linked,0
a-link-normal,0
href,0
apple-mac-pro-mc560ll-a-desktop-newest-version,0
dp,0
b003zr4m6i,0
ref,0
cm_cr_arp_d_rvw_txt,0
=,0
utf8,0
>,0
mc560ll,0
<,0
apple-usb-ethernet-adapter-zml,0
b00486070k,0
zml,0
apple-macbook-air-superdrive-mc684zm-a,0
b0048606ug,0
superdrive,0
mc684zm,0
sharing,0
seeing,0
osx,0
itunes,0
isight,0
booth,0
ichat,0
gmail,0
capsule,0
stack,0
touched,0
recover,0
positioned,0
wild,0
suggests,0
optimizer,0
explore,0
foxfire,0
novice,0
age,0
empire,0
war,0
warcraft,0
difficulty,0
quadcore,0
worldwide,0
distributor,0
shopper,0
$299,0
tracking,0
transaction,0
outfit,0
aspire,0
n270,0
conector,0
multitouch,0
palm,0
brush,0
session,0
assumed,0
meant,0
creating,0
created,0
generic,0
matt,0
1gb,0
shooter,0
yay,0
keypad,0
abnormal,0
centre,0
diagnostic,0
specification,0
#1,0
malaysia,0
technician,0
swore,0
temp,0
coretemp,0
68,0
sensation,0
lay,0
metalic,0
acknowledge,0
fed,0
parting,0
perhaps,0
icore3,0
fraction,0
ultrabook's,0
cooler,0
seriously,0
zero,0
tracked,0
forget,0
painful,0
vaip,0
sony's,0
recogniton,0
perfomance,0
enought,0
ipad's,0
desktop's,0
portege,0
r835,0
p94,0
wonder,0
material,0
tennis,0
encountering,0
inspection,0
deter,0
anyways,0
spoke,0
representative,0
mbp,0
bulk,0
sdram,0
unlike,0
sierra,0
cosmetic,0
admitted,0
macplus,0
sticker,0
retreat,0
heaven,0
join,0
op,0
fixture,0
neon,0
marker,0
320gb,0
target,0
exchanged,0
500gb,0
5750z,0
4835,0
diffrence,0
$100,0
suffered,0
extreme,0
alienware,0
category,0
thrown,0
juice,0
moving,0
ymmv,0
typist,0
forum,0
deliberation,0
u47a,0
boast,0
bitch,0
start-up,0
granted,0
rough,0
este,0
vendedor,0
equipo,0
llego,0
venezuela,0
empacado,0
mucho,0
cuidado,0
gracias,0
np900x4c,0
instant,0
ditto,0
thursday,0
luddite,0
fundamentally,0
fundamental,0
interesting,0
vivid,0
samsung-series,0
inch-laptop-silver,0
b0083s3oww,0
samsung-ativ-book,0
inch-full-hd-touchscreen-laptop-mineral-ash-black,0
b00b588j6s,0
mineral,0
ash,0
darkened,0
2days,0
measuring,0
f11,0
declared,0
7h,0
macbookpro,0
900x1600pix,0
antiglare,0
bag,0
unreliable,0
accumulates,0
allocation,0
exiting,0
behavior,0
condusiv,0
producing,0
referring,0
pushing,0
popup,0
third-party,0
laborious,0
nevertheless,0
undertaken,0
delicately,0
256,0
puppy,0
cold-boots,0
heel,0
shovelware,0
manufacturer's,0
wlan,0
snug,0
attempt,0
testing,0
launch,0
primarrily,0
moderate,0
skype,0
well-known,0
custom-ordered,0
x230,0
2.90,0
ivy,0
bridge,0
gm,0
1366x768,0
stylus,0
bulge,0
ultra-base,0
rw,0
600e,0
1990s,0
r40,0
2000s,0
t42,0
t420,0
rock-solid,0
dependability,0
non-nonsense,0
styling,0
king-of-them-all,0
e6400,0
motion,0
winner,0
prospective,0
gill,0
3g,0
cellular,0
totalled,0
msrp,0
ultrabase,0
x230t,0
4000,0
occasional,0
engineering,0
inegrated,0
tip,0
a55a-ab31,0
bu,0
male,0
proprietary,0
harddrive,0
longtime,0
faced,0
plunge,0
hearing,0
parallel,0
ensure,0
critical,0
incredibly,0
procedure,0
sync,0
bookmark,0
deliberately,0
avoided,0
annoyingly,0
environment,0
listening,0
reboots,0
finder,0
picasa,0
native,0
quickbooks,0
colleague,0
antivirus,0
funny,0
partition,0
unequivocally,0
mem,0
safari,0
misc,0
normally,0
128g,0
supplement,0
laziness,0
bothering,0
archive,0
90g,0
audiobook,0
anytime,0
imo,0
non,0
why,0
sooner,0
750m,0
gfx,0
swithch,0
rmbp,0
speads,0
730mbs,0
writes,0
725mbs,0
bootcamp,0
mabook,0
steam,0
dying,0
floor,0
capitain,0
iso,0
l,0
batman,0
arkham,0
city,0
dirt,0
borderland,0
avalible,0
anmd,0
zombie,0
x,0
yoshimite,0
combined,0
hover,0
whilst,0
rebadged,0
supossedly,0
suppose,0
gamble,0
nividias,0
force,0
egpu,0
thunder,0
bolt,0
thhe,0
egpus,0
yugo,0
ferrari,0
salt,0
marvelous,0
dv6226us,0
rare,0
conversation,0
outdated,0
geared,0
qaulity,0
necessity,0
custom,0
aethetics,0
toga,0
rt,0
cuffed,0
shackled,0
whine,0
velocity,0
forgot,0
i'am,0
gun,0
mediocre,0
warehouse,0
claim,0
amateur,0
vpcf117fx,0
room,0
excess,0
swapped,0
sandisk,0
240,0
prying,0
payoff,0
reinstalling,0
lying,0
re-enter,0
license,0
contained,0
non-wireless,0
ther,0
themselves,0
battery-life,0
devise,0
entirely,0
valid,0
recommendation,0
primarily,0
non-work,0
emphasize,0
high-res,0
arguably,0
boot-up,0
drive's,0
booted,0
40gb,0
hiberfil.sys,0
pagefil.sys,0
hibernation,0
reducing,0
paging,0
70gb,0
blu-ray,0
unintentionally,0
separated,0
typed,0
lightly,0
spacebar,0
researched,0
budged,0
brace,0
dangle,0
knife,0
nudge,0
assembly,0
fixable,0
10%,0
re-stocking,0
huh,0
c2d,0
pb,0
g4,0
magsafe,0
count,0
tripped,0
placement,0
cd's,0
c2d's,0
sized,0
wayyyy,0
backlighting,0
magnetic,0
mbp's,0
fire,0
operationally,0
moo-ed,0
you'd,0
whir,0
photoshopping,0
plop,0
gain,0
measured,0
leap,0
increase,0
gig's,0
95%,0
ati,0
x1600,0
purred,0
comparing,0
n-wireless,0
ironically,0
n-capabilities,0
consumption,0
mileage,0
vary,0
4.5,0
incorporated,0
tout,0
toyota,0
sedan,0
lexus,0
who'd,0
wanna,0
get's,0
following,0
cranking,0
rake,0
cash,0
bet,0
$2600,0
dent,0
shipment,0
handling,0
dandelion,0
secret,0
conventional,0
ipearl,0
mcover,0
http,0
www.amazon.com,0
ipearl-mcover,0
fit's,0
protects,0
say's,0
wondered,0
teacher,0
improved,0
bug,0
maintenance,0
logging,0
chromerdp,0
work's,0
offline,0
tad,0
fortunately,0
folk,0
school's,0
educational,0
extension,0
plugins,0
corsair,0
vengeance,0
tight,0
$490,0
walmart,0
nurse,0
emc,0
searched,0
could't,0
turn-on,0
tech-support,0
issued,0
ticket,0
at-least,0
agent,0
rma,0
omg,0
processed,0
ups,0
abut,0
asap,0
consistently,0
att,0
iphones,0
yo,0
amazon's,0
reaction,0
accustomed,0
thankfully,0
nine,0
proficient,0
loos,0
8%,0
standby,0
recovers,0
correspondence,0
tolerate,0
catch,0
w8,0
numeric,0
possibly,0
overview,0
segregated,0
graphical,0
centrino,0
productivity,0
experiment,0
dismay,0
vt,0
diatribe,0
appropriate,0
administrative,0
dialog,0
multimedia,0
volume,0
talked,0
oem,0
grill,0
inspect,0
carefully,0
portion,0
instance,0
object,0
keeping,0
cloth,0
transporting,0
luggage,0
delicate,0
os,0
undoubtedly,0
dabbled,0
ricoh,0
infamous,0
supporting,0
cooperating,0
community,0
loss,0
freebsd,0
non-hp,0
f6,0
floppy,0
ritual,0
oems,0
ache,0
rant,0
disagree,0
knowingly,0
transmission,0
directing,0
wound,0
surmounts,0
topic,0
discussed,0
addressed,0
tag,0
circumstance,0
shared,0
pre-installed-windows,0
sans,0
lawsuit,0
professionally,0
isolated,0
recall,0
taiwanese,0
widely,0
known,0
taiwan,0
optional,0
considerably,0
confusing,0
certificate,0
@,0
e5500,0
2ghz,0
5ghz,0
$50,0
mint,0
17.3,0
$150,0
iie,0
vax,0
ii,0
1990,0
unix,0
adaper,0
seduced,0
log,0
existing,0
tumi,0
610,0
jdk,0
retired,0
w,0
cinema,0
studio,0
den,0
bmw,0
motorcyle,0
sister-in-law,0
panama,0
guarantee,0
destined,0
shunting,0
mexico,0
india,0
adobe,0
ae,0
premiere,0
ghost,0
operated,0
21,0
performed,0
confirmed,0
classy,0
draw,0
intuos,0
pen,0
impression,0
researching,0
ultrabooks,0
university,0
ux301,0
asked,0
sleeve,0
f5,0
twisted,0
swype,0
finale,0
loop,0
ssd's,0
household,0
timed,0
forceful,0
exertion,0
reused,0
satellite,0
discounted,0
immensely,0
disallowed,0
receiving,0
mam,0
remotely,0
reconfiguration,0
re-boot,0
failure,0
2006,0
toshiba's,0
who's,0
standing,0
prepared,0
nature,0
multi-tasking,0
kingston,0
ddr2,0
667,0
pc2,0
5300,0
left-right,0
accidental,0
laid,0
corner,0
simulated,0
surround,0
latching,0
instantly,0
novel,0
onto,0
converter,0
s-video,0
actuality,0
tinkering,0
behave,0
linux-style,0
it'd,0
resume,0
social,0
mooc,0
news,0
internet-based,0
this'll,0
power-efficiency,0
reserve,0
100gb,0
bolster,0
thumb,0
microsd,0
flipped,0
happening,0
chomecast,0
chromecast,0
chomebook,0
hdmi-out,0
impractical,0
dragging,0
downward,0
reasonably,0
typo-rate,0
applies,0
make's,0
shine,0
pass,0
plane-based,0
naturally,0
safe,0
browser-based,0
auto-patch,0
lead,0
infection,0
digest,0
upshot,0
skill,0
motivation,0
serf,0
driven,0
accessed,0
acer's,0
stumped,0
surfer,0
playstation,0
herd,0
linyx,0
c720,0
blackout,0
saturation,0
score,0
bodhi,0
doc's,0
rtf's,0
oracle,0
java,0
positive,0
slide,0
importing,0
reworking,0
identical,0
careful,0
inflight,0
company's,0
public,0
surprising,0
essentially,0
achieve,0
february,0
semester,0
hopeless,0
incoming,0
freshman,0
refreshing,0
hooked,0
irritated,0
boss,0
stare,0
wtf,0
630,0
everybody,0
exaggerated,0
selecting,0
swipe,0
concept,0
100x,0
2x,0
microsoft's,0
anti-virus,0
harder,0
not-so-tech-savvy,0
central,0
powerjackrepair.org,0
$952,0
gt755m's,0
ultrabay,0
updating,0
w540,0
i7vpro,0
heavily,0
activity,0
hq,0
beijing,0
manufacturing,0
itself,0
re-enable,0
pre-update,0
forcing,0
troubleshoot,0
glitching,0
ineffective,0
avast,0
kingsoft,0
assorted,0
backing,0
toting,0
tome,0
earned,0
responsiveness,0
bundle,0
899,0
playin,0
incorporating,0
blazing,0
fool,0
cohesively,0
byw,0
protection,0
spill,0
chef,0
lol,0
donnie,0
on-line,0
december,0
"21,2016",0
2017,0
startup,0
fixing,0
purist,0
eye,0
slight,0
exhaust,0
pre-installed,0
tasted,0
500,0
seated,0
urself,0
treated,0
gently,0
tuesday,0
upper,0
left-hand,0
assured,0
emptor,0
faux,0
leather,0
stitching,0
zoom,0
125%,0
non-ips,0
garbled,0
beginning,0
pre-orders,0
listed,0
teenage,0
homeschooling,0
schooling,0
y50,0
bye,0
reduction,0
